From,To,Date,Flight Duration,Stops,Price,co2 emissions
BKK,TPE,2025-06-01,230,0,2927,210
BKK,TPE,2025-06-02,220,0,4850,213
BKK,TPE,2025-06-03,230,0,3531,208
BKK,TPE,2025-06-04,230,0,3230,208
BKK,TPE,2025-06-05,230,0,2965,223
BKK,TPE,2025-06-06,230,0,2965,208
BKK,TPE,2025-06-07,230,0,2691,208
BKK,TPE,2025-06-08,230,0,3230,223
BKK,TPE,2025-06-09,230,0,2965,208
BKK,TPE,2025-06-10,230,0,2691,208
BKK,TPE,2025-06-11,230,0,2691,208
BKK,TPE,2025-06-12,230,0,2691,208
BKK,TPE,2025-06-13,230,0,2691,208
BKK,TPE,2025-06-14,230,0,2691,208
BKK,TPE,2025-06-15,230,0,3531,223
BKK,TPE,2025-06-16,230,0,2691,208
BKK,TPE,2025-06-17,230,0,2691,208
BKK,TPE,2025-06-18,230,0,2691,208
BKK,TPE,2025-06-19,230,0,2965,208
BKK,TPE,2025-06-20,230,0,2691,208
BKK,TPE,2025-06-21,230,0,2691,208
BKK,TPE,2025-06-22,230,0,2965,208
BKK,TPE,2025-06-23,230,0,2691,208
BKK,TPE,2025-06-24,230,0,2691,208
BKK,TPE,2025-06-25,230,0,2965,208
BKK,TPE,2025-06-26,230,0,2965,208
BKK,TPE,2025-06-27,230,0,2691,208
BKK,TPE,2025-06-28,230,0,2691,208
BKK,TPE,2025-06-29,230,0,2691,208
BKK,TPE,2025-06-30,230,0,2691,208
BKK,TPE,2025-07-01,230,0,2691,208
BKK,TPE,2025-07-02,230,0,2965,208
BKK,TPE,2025-07-03,230,0,2691,208
BKK,TPE,2025-07-04,230,0,2691,208
BKK,TPE,2025-07-05,230,0,2691,208
BKK,TPE,2025-07-06,230,0,2691,208
BKK,TPE,2025-07-07,230,0,2691,208
BKK,TPE,2025-07-08,230,0,2691,208
BKK,TPE,2025-07-09,230,0,2965,208
BKK,TPE,2025-07-10,230,0,3531,208
BKK,TPE,2025-07-11,230,0,2691,208
BKK,TPE,2025-07-12,230,0,2691,208
BKK,TPE,2025-07-13,230,0,2691,208
BKK,TPE,2025-07-14,230,0,2691,208
BKK,TPE,2025-07-15,230,0,2691,208
BKK,TPE,2025-07-16,230,0,2691,208
BKK,TPE,2025-07-17,230,0,2965,208
BKK,TPE,2025-07-18,230,0,2691,208
BKK,TPE,2025-07-19,230,0,2691,208
BKK,TPE,2025-07-20,230,0,2691,208
BKK,TPE,2025-07-21,230,0,2965,208
BKK,TPE,2025-07-22,230,0,2691,208
BKK,TPE,2025-07-23,230,0,2691,208
BKK,TPE,2025-07-24,230,0,3230,208
BKK,TPE,2025-07-25,230,0,2965,208
BKK,TPE,2025-07-26,230,0,2965,208
BKK,TPE,2025-07-27,230,0,2691,208
BKK,TPE,2025-07-28,230,0,2692,208
BKK,TPE,2025-07-29,230,0,2692,208
BKK,TPE,2025-07-30,230,0,2692,208
BKK,TPE,2025-07-31,230,0,2966,208
BKK,TPE,2025-08-01,230,0,3531,208
BKK,TPE,2025-08-02,230,0,3230,208
BKK,TPE,2025-08-03,230,0,3531,208
BKK,TPE,2025-08-04,230,0,3531,208
BKK,TPE,2025-08-05,230,0,3531,208
BKK,TPE,2025-08-06,230,0,3531,208
BKK,TPE,2025-08-07,230,0,3531,208
BKK,TPE,2025-08-08,220,0,4850,201
BKK,TPE,2025-08-09,220,0,4850,201
BKK,TPE,2025-08-10,230,0,3531,208
BKK,TPE,2025-08-11,230,0,3914,208
BKK,TPE,2025-08-12,220,0,4850,201
BKK,TPE,2025-08-13,230,0,3531,208
BKK,TPE,2025-08-14,230,0,3230,223
BKK,TPE,2025-08-15,230,0,3914,208
BKK,TPE,2025-08-16,230,0,3914,208
BKK,TPE,2025-08-17,230,0,3531,208
BKK,TPE,2025-08-18,230,0,3914,208
BKK,TPE,2025-08-19,230,0,3531,208
BKK,TPE,2025-08-20,230,0,3531,208
BKK,TPE,2025-08-21,230,0,3531,208
BKK,TPE,2025-08-22,230,0,3531,208
BKK,TPE,2025-08-23,230,0,3230,208
BKK,TPE,2025-08-24,230,0,3531,208
BKK,TPE,2025-08-25,230,0,3914,208
BKK,TPE,2025-08-26,230,0,3531,208
BKK,TPE,2025-08-27,230,0,3531,208
BKK,TPE,2025-08-28,230,0,3531,208
BKK,TPE,2025-08-29,230,0,3914,208
BKK,TPE,2025-08-30,230,0,3230,208
BKK,TPE,2025-08-31,230,0,3531,208
CAI,TPE,2025-06-01,1145,1,14335,687
CAI,TPE,2025-06-02,1145,1,14335,687
CAI,TPE,2025-06-03,1480,2,15349,753
CAI,TPE,2025-06-04,1480,2,15349,761
CAI,TPE,2025-06-05,1050,2,17543,689
CAI,TPE,2025-06-06,1135,1,17875,686
CAI,TPE,2025-06-07,1135,1,16070,661
CAI,TPE,2025-06-08,1050,2,17091,686
CAI,TPE,2025-06-09,1050,2,17081,688
CAI,TPE,2025-06-10,1050,2,17763,673
CAI,TPE,2025-06-11,1135,1,16015,687
CAI,TPE,2025-06-12,1135,1,9714,687
CAI,TPE,2025-06-13,1135,1,11515,686
CAI,TPE,2025-06-14,1135,1,16057,687
CAI,TPE,2025-06-15,1135,1,14215,686
CAI,TPE,2025-06-16,1135,1,12761,687
CAI,TPE,2025-06-17,1135,1,12761,686
CAI,TPE,2025-06-18,1050,2,17772,673
CAI,TPE,2025-06-19,1135,1,14265,686
CAI,TPE,2025-06-20,1135,1,14265,686
CAI,TPE,2025-06-21,1050,2,17772,673
CAI,TPE,2025-06-22,1330,1,11515,659
CAI,TPE,2025-06-23,1135,1,12715,686
CAI,TPE,2025-06-24,1135,1,12761,686
CAI,TPE,2025-06-25,1050,2,17772,673
CAI,TPE,2025-06-26,1135,1,11557,686
CAI,TPE,2025-06-27,1135,1,9752,686
CAI,TPE,2025-06-28,1135,1,11557,686
CAI,TPE,2025-06-29,1135,1,12761,686
CAI,TPE,2025-06-30,1135,1,9752,671
CAI,TPE,2025-07-01,1330,1,11557,648
CAI,TPE,2025-07-02,1330,1,9752,648
CAI,TPE,2025-07-03,1330,1,9752,648
CAI,TPE,2025-07-04,1135,1,12761,662
CAI,TPE,2025-07-05,1135,1,14265,662
CAI,TPE,2025-07-06,1135,1,12761,662
CAI,TPE,2025-07-07,1135,1,16070,662
CAI,TPE,2025-07-08,1330,1,12761,648
CAI,TPE,2025-07-09,1330,1,12761,648
CAI,TPE,2025-07-10,1330,1,9752,648
CAI,TPE,2025-07-11,1270,2,12495,673
CAI,TPE,2025-07-12,1330,1,16070,648
CAI,TPE,2025-07-13,1270,2,12495,673
CAI,TPE,2025-07-14,1135,1,12761,662
CAI,TPE,2025-07-15,1330,1,9714,648
CAI,TPE,2025-07-16,1135,1,9714,662
CAI,TPE,2025-07-17,1330,1,11547,648
CAI,TPE,2025-07-18,1135,1,12715,662
CAI,TPE,2025-07-19,1330,1,11557,648
CAI,TPE,2025-07-20,1320,2,10643,773
CAI,TPE,2025-07-21,1135,1,12761,662
CAI,TPE,2025-07-22,1135,1,12761,662
CAI,TPE,2025-07-23,1330,1,9752,648
CAI,TPE,2025-07-24,1135,1,11557,662
CAI,TPE,2025-07-25,1135,1,11557,662
CAI,TPE,2025-07-26,1135,1,14265,662
CAI,TPE,2025-07-27,1320,2,9962,773
CAI,TPE,2025-07-28,1135,1,11557,662
CAI,TPE,2025-07-29,1330,1,11557,648
CAI,TPE,2025-07-30,1330,1,9752,648
CAI,TPE,2025-07-31,1135,1,12761,662
CAI,TPE,2025-08-01,1135,1,11557,665
CAI,TPE,2025-08-02,1135,1,16070,665
CAI,TPE,2025-08-03,1320,2,9962,777
CAI,TPE,2025-08-04,1135,1,11557,665
CAI,TPE,2025-08-05,1135,1,9752,665
CAI,TPE,2025-08-06,1135,1,9752,665
CAI,TPE,2025-08-07,1135,1,9752,665
CAI,TPE,2025-08-08,1135,1,9752,665
CAI,TPE,2025-08-09,1135,1,17816,665
CAI,TPE,2025-08-10,1320,2,10643,777
CAI,TPE,2025-08-11,1135,1,9752,665
CAI,TPE,2025-08-12,1330,1,9752,652
CAI,TPE,2025-08-13,1135,1,9752,665
CAI,TPE,2025-08-14,1135,1,17815,665
CAI,TPE,2025-08-15,1135,1,14265,665
CAI,TPE,2025-08-16,1135,1,17875,665
CAI,TPE,2025-08-17,1320,2,9962,777
CAI,TPE,2025-08-18,1135,1,11557,665
CAI,TPE,2025-08-19,1330,1,9752,652
CAI,TPE,2025-08-20,1135,1,9752,665
CAI,TPE,2025-08-21,1135,1,9752,665
CAI,TPE,2025-08-22,1135,1,9752,665
CAI,TPE,2025-08-23,1135,1,12761,665
CAI,TPE,2025-08-24,1320,2,10643,777
CAI,TPE,2025-08-25,1135,1,9752,665
CAI,TPE,2025-08-26,1135,1,9752,665
CAI,TPE,2025-08-27,1135,1,9752,665
CAI,TPE,2025-08-28,1135,1,12761,665
CAI,TPE,2025-08-29,1135,1,9752,665
CAI,TPE,2025-08-30,1135,1,12761,665
CAI,TPE,2025-08-31,1135,1,9752,678
FRA,TPE,2025-06-01,1036,1,15901,899
FRA,TPE,2025-06-02,1170,1,15538,1025
FRA,TPE,2025-06-03,980,1,16395,1011
FRA,TPE,2025-06-04,980,1,16395,1011
FRA,TPE,2025-06-05,980,1,15538,1011
FRA,TPE,2025-06-06,980,1,16395,1011
FRA,TPE,2025-06-07,1170,1,21813,1025
FRA,TPE,2025-06-08,980,1,16395,1011
FRA,TPE,2025-06-09,980,1,15538,1011
FRA,TPE,2025-06-10,980,1,15538,1011
FRA,TPE,2025-06-11,1075,1,14644,761
FRA,TPE,2025-06-12,1075,1,14644,761
FRA,TPE,2025-06-13,1075,1,14644,761
FRA,TPE,2025-06-14,980,1,15538,1011
FRA,TPE,2025-06-15,1075,1,14644,761
FRA,TPE,2025-06-16,1075,1,14644,761
FRA,TPE,2025-06-17,980,1,15538,1011
FRA,TPE,2025-06-18,980,1,16395,1011
FRA,TPE,2025-06-19,980,1,15538,1011
FRA,TPE,2025-06-20,1075,1,14644,761
FRA,TPE,2025-06-21,1075,1,14644,761
FRA,TPE,2025-06-22,1075,1,14644,761
FRA,TPE,2025-06-23,1075,1,14644,761
FRA,TPE,2025-06-24,1075,1,14644,761
FRA,TPE,2025-06-25,1075,1,14644,761
FRA,TPE,2025-06-26,1075,1,14644,761
FRA,TPE,2025-06-27,980,1,15538,1011
FRA,TPE,2025-06-28,980,1,21813,1011
FRA,TPE,2025-06-29,1075,1,19102,761
FRA,TPE,2025-06-30,980,1,16395,999
FRA,TPE,2025-07-01,890,1,27300,712
FRA,TPE,2025-07-02,980,1,25242,963
FRA,TPE,2025-07-03,980,1,25242,963
FRA,TPE,2025-07-04,980,1,23390,963
FRA,TPE,2025-07-05,1140,1,32040,830
FRA,TPE,2025-07-06,980,1,23390,963
FRA,TPE,2025-07-07,980,1,21813,963
FRA,TPE,2025-07-08,1170,1,16395,976
FRA,TPE,2025-07-09,1170,1,16395,976
FRA,TPE,2025-07-10,1170,1,16395,976
FRA,TPE,2025-07-11,980,1,25242,963
FRA,TPE,2025-07-12,980,1,31448,963
FRA,TPE,2025-07-13,1140,1,31183,830
FRA,TPE,2025-07-14,980,1,27779,963
FRA,TPE,2025-07-15,1020,1,24564,759
FRA,TPE,2025-07-16,1020,1,24564,796
FRA,TPE,2025-07-17,1075,1,24588,736
FRA,TPE,2025-07-18,1170,1,16395,976
FRA,TPE,2025-07-19,1170,1,16395,976
FRA,TPE,2025-07-20,1075,1,24588,736
FRA,TPE,2025-07-21,980,1,23390,963
FRA,TPE,2025-07-22,1075,1,24588,736
FRA,TPE,2025-07-23,1170,1,16395,976
FRA,TPE,2025-07-24,1020,1,24564,759
FRA,TPE,2025-07-25,890,1,27300,712
FRA,TPE,2025-07-26,980,1,21813,963
FRA,TPE,2025-07-27,980,1,21813,963
FRA,TPE,2025-07-28,1020,1,24564,759
FRA,TPE,2025-07-29,1020,1,24564,759
FRA,TPE,2025-07-30,980,1,21813,963
FRA,TPE,2025-07-31,980,1,25242,960
FRA,TPE,2025-08-01,980,1,27779,954
FRA,TPE,2025-08-02,1140,1,29709,830
FRA,TPE,2025-08-03,1075,1,24588,740
FRA,TPE,2025-08-04,1170,1,16395,968
FRA,TPE,2025-08-05,1020,1,23878,756
FRA,TPE,2025-08-06,980,1,21813,954
FRA,TPE,2025-08-07,980,1,21813,954
FRA,TPE,2025-08-08,980,1,21812,954
FRA,TPE,2025-08-09,980,1,27779,954
FRA,TPE,2025-08-10,980,1,16395,954
FRA,TPE,2025-08-11,980,1,23390,954
FRA,TPE,2025-08-12,980,1,21813,954
FRA,TPE,2025-08-13,980,1,16395,954
FRA,TPE,2025-08-14,980,1,21813,954
FRA,TPE,2025-08-15,980,1,21813,954
FRA,TPE,2025-08-16,980,1,21813,954
FRA,TPE,2025-08-17,980,1,16395,954
FRA,TPE,2025-08-18,980,1,21813,954
FRA,TPE,2025-08-19,980,1,16395,954
FRA,TPE,2025-08-20,980,1,16395,954
FRA,TPE,2025-08-21,980,1,16395,954
FRA,TPE,2025-08-22,980,1,16395,954
FRA,TPE,2025-08-23,890,1,20168,729
FRA,TPE,2025-08-24,980,1,16395,954
FRA,TPE,2025-08-25,980,1,16395,954
FRA,TPE,2025-08-26,980,1,16395,954
FRA,TPE,2025-08-27,980,1,16395,954
FRA,TPE,2025-08-28,980,1,16395,954
FRA,TPE,2025-08-29,980,1,16395,954
FRA,TPE,2025-08-30,1045,1,18344,689
FRA,TPE,2025-08-31,980,1,16395,954
HKG,TPE,2025-06-01,113,0,3184,89
HKG,TPE,2025-06-02,113,0,3184,89
HKG,TPE,2025-06-03,110,0,3136,90
HKG,TPE,2025-06-04,110,0,3136,89
HKG,TPE,2025-06-05,110,0,3136,89
HKG,TPE,2025-06-06,110,0,3136,89
HKG,TPE,2025-06-07,110,0,3136,89
HKG,TPE,2025-06-08,130,0,3136,89
HKG,TPE,2025-06-09,110,0,3136,89
HKG,TPE,2025-06-10,110,0,3136,90
HKG,TPE,2025-06-11,110,0,3136,89
HKG,TPE,2025-06-12,110,0,3136,89
HKG,TPE,2025-06-13,110,0,3136,89
HKG,TPE,2025-06-14,110,0,3136,89
HKG,TPE,2025-06-15,130,0,3136,89
HKG,TPE,2025-06-16,110,0,3136,89
HKG,TPE,2025-06-17,110,0,3136,89
HKG,TPE,2025-06-18,110,0,3136,89
HKG,TPE,2025-06-19,110,0,3136,89
HKG,TPE,2025-06-20,110,0,3136,89
HKG,TPE,2025-06-21,110,0,3136,89
HKG,TPE,2025-06-22,130,0,3136,89
HKG,TPE,2025-06-23,110,0,3136,89
HKG,TPE,2025-06-24,110,0,3136,89
HKG,TPE,2025-06-25,110,0,3136,89
HKG,TPE,2025-06-26,110,0,3136,89
HKG,TPE,2025-06-27,120,0,3595,90
HKG,TPE,2025-06-28,110,0,3594,89
HKG,TPE,2025-06-29,120,0,3430,93
HKG,TPE,2025-06-30,110,0,3277,94
HKG,TPE,2025-07-01,110,0,3136,89
HKG,TPE,2025-07-02,110,0,3136,89
HKG,TPE,2025-07-03,110,0,3136,89
HKG,TPE,2025-07-04,110,0,3136,89
HKG,TPE,2025-07-05,110,0,3136,89
HKG,TPE,2025-07-06,110,0,3136,89
HKG,TPE,2025-07-07,110,0,3136,89
HKG,TPE,2025-07-08,110,0,3136,89
HKG,TPE,2025-07-09,110,0,3136,89
HKG,TPE,2025-07-10,110,0,3136,89
HKG,TPE,2025-07-11,110,0,3136,89
HKG,TPE,2025-07-12,110,0,3136,89
HKG,TPE,2025-07-13,110,0,3136,89
HKG,TPE,2025-07-14,110,0,3136,89
HKG,TPE,2025-07-15,110,0,3136,89
HKG,TPE,2025-07-16,110,0,3136,89
HKG,TPE,2025-07-17,110,0,3136,89
HKG,TPE,2025-07-18,110,0,3136,89
HKG,TPE,2025-07-19,110,0,3136,89
HKG,TPE,2025-07-20,110,0,3136,89
HKG,TPE,2025-07-21,110,0,3136,89
HKG,TPE,2025-07-22,110,0,3136,89
HKG,TPE,2025-07-23,110,0,3136,89
HKG,TPE,2025-07-24,110,0,3136,89
HKG,TPE,2025-07-25,110,0,3136,89
HKG,TPE,2025-07-26,110,0,3136,89
HKG,TPE,2025-07-27,130,0,3136,89
HKG,TPE,2025-07-28,110,0,3136,89
HKG,TPE,2025-07-29,110,0,3136,89
HKG,TPE,2025-07-30,110,0,3136,89
HKG,TPE,2025-07-31,110,0,3136,89
HKG,TPE,2025-08-01,120,0,3136,90
HKG,TPE,2025-08-02,110,0,3136,89
HKG,TPE,2025-08-03,110,0,3136,89
HKG,TPE,2025-08-04,110,0,3136,89
HKG,TPE,2025-08-05,110,0,3136,89
HKG,TPE,2025-08-06,110,0,3136,89
HKG,TPE,2025-08-07,110,0,3136,89
HKG,TPE,2025-08-08,110,0,3136,89
HKG,TPE,2025-08-09,110,0,3136,89
HKG,TPE,2025-08-10,110,0,3136,89
HKG,TPE,2025-08-11,110,0,3136,89
HKG,TPE,2025-08-12,110,0,3136,89
HKG,TPE,2025-08-13,110,0,3136,89
HKG,TPE,2025-08-14,110,0,3136,89
HKG,TPE,2025-08-15,110,0,3136,89
HKG,TPE,2025-08-16,110,0,3136,89
HKG,TPE,2025-08-17,110,0,3136,89
HKG,TPE,2025-08-18,110,0,3136,89
HKG,TPE,2025-08-19,110,0,3136,89
HKG,TPE,2025-08-20,110,0,3136,89
HKG,TPE,2025-08-21,110,0,3136,89
HKG,TPE,2025-08-22,110,0,3135,89
HKG,TPE,2025-08-23,110,0,3135,89
HKG,TPE,2025-08-24,110,0,3327,89
HKG,TPE,2025-08-25,110,0,3136,89
HKG,TPE,2025-08-26,110,0,3136,89
HKG,TPE,2025-08-27,110,0,3135,89
HKG,TPE,2025-08-28,110,0,3136,89
HKG,TPE,2025-08-29,110,0,3136,89
HKG,TPE,2025-08-30,110,0,3136,89
HKG,TPE,2025-08-31,110,0,3136,89
ICN,TPE,2025-06-01,183,0,2655,130
ICN,TPE,2025-06-02,890,1,4925,191
ICN,TPE,2025-06-03,150,0,3657,104
ICN,TPE,2025-06-04,155,0,2040,133
ICN,TPE,2025-06-05,165,0,3628,133
ICN,TPE,2025-06-06,150,0,3004,104
ICN,TPE,2025-06-07,165,0,1961,139
ICN,TPE,2025-06-08,155,0,2040,133
ICN,TPE,2025-06-09,150,0,2743,104
ICN,TPE,2025-06-10,155,0,2040,132
ICN,TPE,2025-06-11,155,0,2040,132
ICN,TPE,2025-06-12,165,0,2083,133
ICN,TPE,2025-06-13,165,0,2083,133
ICN,TPE,2025-06-14,165,0,2468,133
ICN,TPE,2025-06-15,155,0,3084,132
ICN,TPE,2025-06-16,155,0,3084,132
ICN,TPE,2025-06-17,150,0,2743,104
ICN,TPE,2025-06-18,165,0,2083,133
ICN,TPE,2025-06-19,165,0,2277,133
ICN,TPE,2025-06-20,165,0,3049,133
ICN,TPE,2025-06-21,165,0,3049,133
ICN,TPE,2025-06-22,155,0,3737,133
ICN,TPE,2025-06-23,155,0,2823,133
ICN,TPE,2025-06-24,155,0,2040,133
ICN,TPE,2025-06-25,155,0,2040,133
ICN,TPE,2025-06-26,150,0,2351,104
ICN,TPE,2025-06-27,155,0,2562,133
ICN,TPE,2025-06-28,165,0,2396,139
ICN,TPE,2025-06-29,155,0,2562,133
ICN,TPE,2025-06-30,165,0,2396,139
ICN,TPE,2025-07-01,155,0,2040,133
ICN,TPE,2025-07-02,155,0,2040,133
ICN,TPE,2025-07-03,165,0,2192,129
ICN,TPE,2025-07-04,165,0,2192,129
ICN,TPE,2025-07-05,165,0,2192,129
ICN,TPE,2025-07-06,165,0,2867,129
ICN,TPE,2025-07-07,155,0,3084,133
ICN,TPE,2025-07-08,155,0,3084,133
ICN,TPE,2025-07-09,165,0,2192,129
ICN,TPE,2025-07-10,165,0,2192,129
ICN,TPE,2025-07-11,165,0,2192,129
ICN,TPE,2025-07-12,165,0,2386,129
ICN,TPE,2025-07-13,165,0,2386,129
ICN,TPE,2025-07-14,165,0,2577,129
ICN,TPE,2025-07-15,165,0,2192,129
ICN,TPE,2025-07-16,165,0,2192,129
ICN,TPE,2025-07-17,165,0,2083,129
ICN,TPE,2025-07-18,165,0,2083,129
ICN,TPE,2025-07-19,165,0,2277,129
ICN,TPE,2025-07-20,165,0,2758,129
ICN,TPE,2025-07-21,165,0,2723,139
ICN,TPE,2025-07-22,165,0,2277,129
ICN,TPE,2025-07-23,165,0,2083,129
ICN,TPE,2025-07-24,165,0,2083,129
ICN,TPE,2025-07-25,165,0,2277,129
ICN,TPE,2025-07-26,165,0,3628,129
ICN,TPE,2025-07-27,165,0,3049,129
ICN,TPE,2025-07-28,165,0,2758,129
ICN,TPE,2025-07-29,165,0,2762,129
ICN,TPE,2025-07-30,165,0,2087,129
ICN,TPE,2025-07-31,150,0,2355,102
ICN,TPE,2025-08-01,150,0,2525,102
ICN,TPE,2025-08-02,150,0,2525,102
ICN,TPE,2025-08-03,150,0,2351,102
ICN,TPE,2025-08-04,150,0,2351,102
ICN,TPE,2025-08-05,150,0,2351,102
ICN,TPE,2025-08-06,150,0,2351,102
ICN,TPE,2025-08-07,150,0,2351,102
ICN,TPE,2025-08-08,150,0,2351,102
ICN,TPE,2025-08-09,150,0,2351,102
ICN,TPE,2025-08-10,150,0,2351,102
ICN,TPE,2025-08-11,150,0,2351,102
ICN,TPE,2025-08-12,150,0,2351,102
ICN,TPE,2025-08-13,150,0,2351,102
ICN,TPE,2025-08-14,165,0,2758,131
ICN,TPE,2025-08-15,150,0,2525,102
ICN,TPE,2025-08-16,165,0,2277,131
ICN,TPE,2025-08-17,150,0,2525,102
ICN,TPE,2025-08-18,150,0,2525,102
ICN,TPE,2025-08-19,150,0,2351,102
ICN,TPE,2025-08-20,150,0,2351,102
ICN,TPE,2025-08-21,150,0,2351,102
ICN,TPE,2025-08-22,150,0,2351,102
ICN,TPE,2025-08-23,150,0,2351,102
ICN,TPE,2025-08-24,165,0,2396,139
ICN,TPE,2025-08-25,150,0,2525,102
ICN,TPE,2025-08-26,150,0,2351,102
ICN,TPE,2025-08-27,150,0,2351,102
ICN,TPE,2025-08-28,150,0,2351,102
ICN,TPE,2025-08-29,150,0,2351,102
ICN,TPE,2025-08-30,165,0,2468,131
ICN,TPE,2025-08-31,165,0,2468,131
KUL,TPE,2025-06-01,352,0,2436,231
KUL,TPE,2025-06-02,990,1,4381,263
KUL,TPE,2025-06-03,300,0,3336,231
KUL,TPE,2025-06-04,300,0,3336,231
KUL,TPE,2025-06-05,300,0,3864,212
KUL,TPE,2025-06-06,300,0,4357,231
KUL,TPE,2025-06-07,300,0,2632,231
KUL,TPE,2025-06-08,300,0,1929,231
KUL,TPE,2025-06-09,300,0,2457,212
KUL,TPE,2025-06-10,300,0,1928,231
KUL,TPE,2025-06-11,300,0,2457,212
KUL,TPE,2025-06-12,300,0,2457,212
KUL,TPE,2025-06-13,300,0,2457,212
KUL,TPE,2025-06-14,300,0,1929,231
KUL,TPE,2025-06-15,300,0,1929,231
KUL,TPE,2025-06-16,300,0,1928,231
KUL,TPE,2025-06-17,300,0,1929,231
KUL,TPE,2025-06-18,300,0,2632,231
KUL,TPE,2025-06-19,465,1,1961,251
KUL,TPE,2025-06-20,465,1,2047,251
KUL,TPE,2025-06-21,300,0,1929,231
KUL,TPE,2025-06-22,300,0,2457,212
KUL,TPE,2025-06-23,465,1,2047,251
KUL,TPE,2025-06-24,300,0,1929,231
KUL,TPE,2025-06-25,300,0,2457,212
KUL,TPE,2025-06-26,465,1,2047,251
KUL,TPE,2025-06-27,465,1,2047,251
KUL,TPE,2025-06-28,300,0,1928,231
KUL,TPE,2025-06-29,300,0,1929,231
KUL,TPE,2025-06-30,300,0,1929,231
KUL,TPE,2025-07-01,300,0,1929,231
KUL,TPE,2025-07-02,300,0,1929,231
KUL,TPE,2025-07-03,465,1,1961,246
KUL,TPE,2025-07-04,300,0,2457,212
KUL,TPE,2025-07-05,300,0,3336,231
KUL,TPE,2025-07-06,300,0,2457,212
KUL,TPE,2025-07-07,465,1,1961,246
KUL,TPE,2025-07-08,465,1,2050,246
KUL,TPE,2025-07-09,300,0,3336,231
KUL,TPE,2025-07-10,465,1,1961,246
KUL,TPE,2025-07-11,300,0,2632,231
KUL,TPE,2025-07-12,300,0,2457,212
KUL,TPE,2025-07-13,300,0,1929,231
KUL,TPE,2025-07-14,300,0,2492,231
KUL,TPE,2025-07-15,300,0,1929,231
KUL,TPE,2025-07-16,300,0,2632,231
KUL,TPE,2025-07-17,435,1,1961,244
KUL,TPE,2025-07-18,300,0,1929,231
KUL,TPE,2025-07-19,300,0,2457,212
KUL,TPE,2025-07-20,300,0,1929,231
KUL,TPE,2025-07-21,300,0,2457,212
KUL,TPE,2025-07-22,300,0,1932,231
KUL,TPE,2025-07-23,300,0,2460,212
KUL,TPE,2025-07-24,435,1,1964,244
KUL,TPE,2025-07-25,300,0,1932,231
KUL,TPE,2025-07-26,300,0,1932,231
KUL,TPE,2025-07-27,300,0,2460,212
KUL,TPE,2025-07-28,630,1,2473,240
KUL,TPE,2025-07-29,300,0,1932,231
KUL,TPE,2025-07-30,300,0,1932,231
KUL,TPE,2025-07-31,435,1,1964,240
KUL,TPE,2025-08-01,465,1,2047,246
KUL,TPE,2025-08-02,300,0,1929,231
KUL,TPE,2025-08-03,300,0,2457,212
KUL,TPE,2025-08-04,300,0,1929,231
KUL,TPE,2025-08-05,300,0,1929,231
KUL,TPE,2025-08-06,300,0,2632,231
KUL,TPE,2025-08-07,465,1,2047,246
KUL,TPE,2025-08-08,450,1,2047,240
KUL,TPE,2025-08-09,300,0,1929,231
KUL,TPE,2025-08-10,300,0,2457,212
KUL,TPE,2025-08-11,300,0,1929,231
KUL,TPE,2025-08-12,300,0,1929,231
KUL,TPE,2025-08-13,300,0,2457,212
KUL,TPE,2025-08-14,465,1,2050,246
KUL,TPE,2025-08-15,450,1,2047,240
KUL,TPE,2025-08-16,300,0,1929,231
KUL,TPE,2025-08-17,300,0,1929,231
KUL,TPE,2025-08-18,300,0,1929,231
KUL,TPE,2025-08-19,300,0,1928,231
KUL,TPE,2025-08-20,595,1,2047,246
KUL,TPE,2025-08-21,465,1,1961,246
KUL,TPE,2025-08-22,300,0,1929,231
KUL,TPE,2025-08-23,425,1,2047,246
KUL,TPE,2025-08-24,300,0,2457,212
KUL,TPE,2025-08-25,465,1,2047,246
KUL,TPE,2025-08-26,300,0,1929,231
KUL,TPE,2025-08-27,300,0,2457,212
KUL,TPE,2025-08-28,300,0,3301,212
KUL,TPE,2025-08-29,450,1,2047,240
KUL,TPE,2025-08-30,425,1,2047,246
KUL,TPE,2025-08-31,300,0,3301,212
LAX,TPE,2025-06-01,1156,1,16455,715
LAX,TPE,2025-06-02,1875,1,14710,685
LAX,TPE,2025-06-03,1045,1,14387,666
LAX,TPE,2025-06-04,1315,1,14387,685
LAX,TPE,2025-06-05,925,1,14746,692
LAX,TPE,2025-06-06,1305,1,15946,699
LAX,TPE,2025-06-07,925,1,15950,692
LAX,TPE,2025-06-08,1305,1,15951,705
LAX,TPE,2025-06-09,1020,1,14390,666
LAX,TPE,2025-06-10,925,1,14746,692
LAX,TPE,2025-06-11,1315,1,14390,694
LAX,TPE,2025-06-12,925,1,14750,692
LAX,TPE,2025-06-13,1195,1,18231,743
LAX,TPE,2025-06-14,1120,1,18231,753
LAX,TPE,2025-06-15,1305,1,18591,705
LAX,TPE,2025-06-16,1060,1,15770,747
LAX,TPE,2025-06-17,1976,1,14714,694
LAX,TPE,2025-06-18,925,1,16610,692
LAX,TPE,2025-06-19,925,1,15770,692
LAX,TPE,2025-06-20,845,1,23318,677
LAX,TPE,2025-06-21,845,1,23918,677
LAX,TPE,2025-06-22,845,1,23918,677
LAX,TPE,2025-06-23,1039,1,14750,695
LAX,TPE,2025-06-24,1105,1,15590,753
LAX,TPE,2025-06-25,1260,1,16359,869
LAX,TPE,2025-06-26,1315,1,14390,694
LAX,TPE,2025-06-27,1260,1,15704,866
LAX,TPE,2025-06-28,1280,1,16358,873
LAX,TPE,2025-06-29,1020,1,16221,666
LAX,TPE,2025-06-30,1315,1,14390,694
LAX,TPE,2025-07-01,1315,1,14390,697
LAX,TPE,2025-07-02,1035,1,17180,777
LAX,TPE,2025-07-03,1035,1,17386,777
LAX,TPE,2025-07-04,1020,1,16220,669
LAX,TPE,2025-07-05,1035,1,15950,777
LAX,TPE,2025-07-06,1035,1,15951,777
LAX,TPE,2025-07-07,1020,1,14390,669
LAX,TPE,2025-07-08,1020,1,14390,669
LAX,TPE,2025-07-09,1020,1,14390,669
LAX,TPE,2025-07-10,1020,1,14390,669
LAX,TPE,2025-07-11,1035,1,15951,777
LAX,TPE,2025-07-12,1035,1,15950,777
LAX,TPE,2025-07-13,1216,2,13528,783
LAX,TPE,2025-07-14,1020,1,14390,669
LAX,TPE,2025-07-15,1020,1,14390,669
LAX,TPE,2025-07-16,805,1,13534,628
LAX,TPE,2025-07-17,1020,1,14390,669
LAX,TPE,2025-07-18,805,1,14525,628
LAX,TPE,2025-07-19,795,1,17436,702
LAX,TPE,2025-07-20,805,1,14525,628
LAX,TPE,2025-07-21,1020,1,14390,669
LAX,TPE,2025-07-22,795,1,16445,702
LAX,TPE,2025-07-23,805,1,13535,628
LAX,TPE,2025-07-24,795,1,16446,702
LAX,TPE,2025-07-25,805,1,14525,628
LAX,TPE,2025-07-26,1035,1,15950,777
LAX,TPE,2025-07-27,805,1,14525,628
LAX,TPE,2025-07-28,795,1,16446,702
LAX,TPE,2025-07-29,1855,1,12677,670
LAX,TPE,2025-07-30,805,1,13535,628
LAX,TPE,2025-07-31,1216,2,12328,828
LAX,TPE,2025-08-01,1305,1,12769,765
LAX,TPE,2025-08-02,1260,1,12908,921
LAX,TPE,2025-08-03,805,0,12184,691
LAX,TPE,2025-08-04,1035,1,11929,830
LAX,TPE,2025-08-05,1035,1,11929,830
LAX,TPE,2025-08-06,805,0,11194,691
LAX,TPE,2025-08-07,1035,1,11929,830
LAX,TPE,2025-08-08,805,0,12184,691
LAX,TPE,2025-08-09,1020,1,12770,685
LAX,TPE,2025-08-10,805,0,12184,691
LAX,TPE,2025-08-11,1035,1,11929,830
LAX,TPE,2025-08-12,795,0,13685,773
LAX,TPE,2025-08-13,805,0,11194,691
LAX,TPE,2025-08-14,795,0,13685,773
LAX,TPE,2025-08-15,805,0,12184,691
LAX,TPE,2025-08-16,1025,1,12770,685
LAX,TPE,2025-08-17,805,0,12184,691
LAX,TPE,2025-08-18,810,0,13385,679
LAX,TPE,2025-08-19,935,1,11929,857
LAX,TPE,2025-08-20,805,0,11194,691
LAX,TPE,2025-08-21,935,1,11929,857
LAX,TPE,2025-08-22,805,0,12184,691
LAX,TPE,2025-08-23,795,0,14675,773
LAX,TPE,2025-08-24,805,0,12184,691
LAX,TPE,2025-08-25,935,1,11929,857
LAX,TPE,2025-08-26,935,1,11929,857
LAX,TPE,2025-08-27,805,0,11194,691
LAX,TPE,2025-08-28,935,1,11929,857
LAX,TPE,2025-08-29,805,0,12184,691
LAX,TPE,2025-08-30,795,0,14675,773
LAX,TPE,2025-08-31,805,0,12184,691
NRT,TPE,2025-06-01,231,0,2919,150
NRT,TPE,2025-06-02,230,0,4297,140
NRT,TPE,2025-06-03,230,0,3064,181
NRT,TPE,2025-06-04,230,0,2605,140
NRT,TPE,2025-06-05,230,0,2793,140
NRT,TPE,2025-06-06,230,0,2793,140
NRT,TPE,2025-06-07,230,0,2605,140
NRT,TPE,2025-06-08,235,0,3064,181
NRT,TPE,2025-06-09,235,0,3670,140
NRT,TPE,2025-06-10,230,0,2605,181
NRT,TPE,2025-06-11,230,0,2605,140
NRT,TPE,2025-06-12,230,0,2605,140
NRT,TPE,2025-06-13,230,0,2793,140
NRT,TPE,2025-06-14,230,0,2605,140
NRT,TPE,2025-06-15,230,0,3064,140
NRT,TPE,2025-06-16,235,0,3357,140
NRT,TPE,2025-06-17,230,0,2605,181
NRT,TPE,2025-06-18,230,0,2605,140
NRT,TPE,2025-06-19,230,0,2605,140
NRT,TPE,2025-06-20,230,0,2793,140
NRT,TPE,2025-06-21,230,0,2605,140
NRT,TPE,2025-06-22,230,0,3064,140
NRT,TPE,2025-06-23,235,0,2793,181
NRT,TPE,2025-06-24,230,0,2605,181
NRT,TPE,2025-06-25,230,0,2604,140
NRT,TPE,2025-06-26,230,0,2604,140
NRT,TPE,2025-06-27,225,0,2855,138
NRT,TPE,2025-06-28,230,0,3356,140
NRT,TPE,2025-06-29,235,0,3669,181
NRT,TPE,2025-06-30,235,0,3356,140
NRT,TPE,2025-07-01,230,0,2605,181
NRT,TPE,2025-07-02,230,0,2605,140
NRT,TPE,2025-07-03,230,0,2605,140
NRT,TPE,2025-07-04,230,0,2605,140
NRT,TPE,2025-07-05,230,0,2605,140
NRT,TPE,2025-07-06,230,0,2793,140
NRT,TPE,2025-07-07,235,0,3064,181
NRT,TPE,2025-07-08,230,0,2605,181
NRT,TPE,2025-07-09,230,0,2605,140
NRT,TPE,2025-07-10,230,0,2605,140
NRT,TPE,2025-07-11,225,0,3064,135
NRT,TPE,2025-07-12,230,0,3357,140
NRT,TPE,2025-07-13,235,0,3064,181
NRT,TPE,2025-07-14,235,0,2605,181
NRT,TPE,2025-07-15,235,0,2605,140
NRT,TPE,2025-07-16,235,0,2793,140
NRT,TPE,2025-07-17,235,0,2605,140
NRT,TPE,2025-07-18,225,0,4172,135
NRT,TPE,2025-07-19,230,0,3064,140
NRT,TPE,2025-07-20,230,0,3984,140
NRT,TPE,2025-07-21,235,0,3670,181
NRT,TPE,2025-07-22,235,0,2793,181
NRT,TPE,2025-07-23,230,0,3064,140
NRT,TPE,2025-07-24,230,0,2792,140
NRT,TPE,2025-07-25,250,0,3377,135
NRT,TPE,2025-07-26,230,0,3669,140
NRT,TPE,2025-07-27,235,0,4296,181
NRT,TPE,2025-07-28,235,0,3983,181
NRT,TPE,2025-07-29,235,0,3064,140
NRT,TPE,2025-07-30,235,0,3356,181
NRT,TPE,2025-07-31,235,0,3356,181
NRT,TPE,2025-08-01,230,0,3670,140
NRT,TPE,2025-08-02,230,0,3984,140
NRT,TPE,2025-08-03,230,0,3984,140
NRT,TPE,2025-08-04,230,0,3357,140
NRT,TPE,2025-08-05,230,0,3357,181
NRT,TPE,2025-08-06,230,0,3670,140
NRT,TPE,2025-08-07,230,0,3357,140
NRT,TPE,2025-08-08,235,0,5008,181
NRT,TPE,2025-08-09,230,0,5008,140
NRT,TPE,2025-08-10,230,0,5572,140
NRT,TPE,2025-08-11,230,0,3984,140
NRT,TPE,2025-08-12,230,0,3064,140
NRT,TPE,2025-08-13,230,0,3357,140
NRT,TPE,2025-08-14,230,0,3357,140
NRT,TPE,2025-08-15,230,0,3357,140
NRT,TPE,2025-08-16,235,0,3357,181
NRT,TPE,2025-08-17,230,0,3984,140
NRT,TPE,2025-08-18,230,0,3357,140
NRT,TPE,2025-08-19,250,0,3064,136
NRT,TPE,2025-08-20,225,0,3064,136
NRT,TPE,2025-08-21,250,0,2855,136
NRT,TPE,2025-08-22,250,0,3064,136
NRT,TPE,2025-08-23,230,0,3670,140
NRT,TPE,2025-08-24,230,0,3670,140
NRT,TPE,2025-08-25,230,0,3356,140
NRT,TPE,2025-08-26,250,0,3377,136
NRT,TPE,2025-08-27,230,0,3356,140
NRT,TPE,2025-08-28,250,0,3064,136
NRT,TPE,2025-08-29,250,0,3064,136
NRT,TPE,2025-08-30,250,0,3377,136
NRT,TPE,2025-08-31,230,0,3669,140
SGN,TPE,2025-06-01,210,0,2096,182
SGN,TPE,2025-06-02,210,0,4436,177
SGN,TPE,2025-06-03,210,0,2004,185
SGN,TPE,2025-06-04,210,0,2004,185
SGN,TPE,2025-06-05,210,0,2004,181
SGN,TPE,2025-06-06,210,0,2004,181
SGN,TPE,2025-06-07,210,0,2004,185
SGN,TPE,2025-06-08,210,0,2004,181
SGN,TPE,2025-06-09,210,0,2004,181
SGN,TPE,2025-06-10,210,0,2004,181
SGN,TPE,2025-06-11,210,0,2004,181
SGN,TPE,2025-06-12,210,0,2004,185
SGN,TPE,2025-06-13,210,0,2004,185
SGN,TPE,2025-06-14,210,0,2004,181
SGN,TPE,2025-06-15,210,0,2004,181
SGN,TPE,2025-06-16,210,0,2004,181
SGN,TPE,2025-06-17,210,0,2004,181
SGN,TPE,2025-06-18,210,0,2004,181
SGN,TPE,2025-06-19,210,0,2004,181
SGN,TPE,2025-06-20,210,0,2004,185
SGN,TPE,2025-06-21,210,0,2004,181
SGN,TPE,2025-06-22,210,0,2004,181
SGN,TPE,2025-06-23,210,0,2004,181
SGN,TPE,2025-06-24,210,0,2004,181
SGN,TPE,2025-06-25,210,0,2004,181
SGN,TPE,2025-06-26,210,0,2004,181
SGN,TPE,2025-06-27,210,0,2004,181
SGN,TPE,2025-06-28,210,0,2004,181
SGN,TPE,2025-06-29,210,0,2004,181
SGN,TPE,2025-06-30,210,0,2234,181
SGN,TPE,2025-07-01,210,0,2004,181
SGN,TPE,2025-07-02,210,0,2004,181
SGN,TPE,2025-07-03,210,0,2004,181
SGN,TPE,2025-07-04,210,0,2004,181
SGN,TPE,2025-07-05,210,0,2004,181
SGN,TPE,2025-07-06,210,0,2004,181
SGN,TPE,2025-07-07,210,0,2004,181
SGN,TPE,2025-07-08,210,0,2004,181
SGN,TPE,2025-07-09,210,0,2004,181
SGN,TPE,2025-07-10,210,0,2004,181
SGN,TPE,2025-07-11,210,0,2004,181
SGN,TPE,2025-07-12,210,0,2004,181
SGN,TPE,2025-07-13,210,0,2234,181
SGN,TPE,2025-07-14,210,0,2004,181
SGN,TPE,2025-07-15,210,0,2004,185
SGN,TPE,2025-07-16,210,0,2004,181
SGN,TPE,2025-07-17,210,0,2004,181
SGN,TPE,2025-07-18,210,0,2004,181
SGN,TPE,2025-07-19,210,0,2004,181
SGN,TPE,2025-07-20,220,0,2004,185
SGN,TPE,2025-07-21,210,0,2004,185
SGN,TPE,2025-07-22,210,0,2004,181
SGN,TPE,2025-07-23,210,0,2004,185
SGN,TPE,2025-07-24,220,0,2004,185
SGN,TPE,2025-07-25,210,0,2004,181
SGN,TPE,2025-07-26,210,0,2004,185
SGN,TPE,2025-07-27,220,0,2004,185
SGN,TPE,2025-07-28,210,0,2004,185
SGN,TPE,2025-07-29,210,0,2004,185
SGN,TPE,2025-07-30,210,0,2004,185
SGN,TPE,2025-07-31,220,0,2004,185
SGN,TPE,2025-08-01,210,0,2004,181
SGN,TPE,2025-08-02,210,0,2004,185
SGN,TPE,2025-08-03,220,0,2004,185
SGN,TPE,2025-08-04,210,0,2004,181
SGN,TPE,2025-08-05,210,0,2004,185
SGN,TPE,2025-08-06,210,0,2004,181
SGN,TPE,2025-08-07,210,0,2004,181
SGN,TPE,2025-08-08,210,0,2003,181
SGN,TPE,2025-08-09,210,0,2004,181
SGN,TPE,2025-08-10,220,0,2004,185
SGN,TPE,2025-08-11,210,0,2004,185
SGN,TPE,2025-08-12,210,0,2004,185
SGN,TPE,2025-08-13,210,0,2004,181
SGN,TPE,2025-08-14,210,0,2004,181
SGN,TPE,2025-08-15,210,0,2004,185
SGN,TPE,2025-08-16,210,0,2004,181
SGN,TPE,2025-08-17,220,0,2004,185
SGN,TPE,2025-08-18,210,0,2004,181
SGN,TPE,2025-08-19,210,0,2004,181
SGN,TPE,2025-08-20,210,0,2004,185
SGN,TPE,2025-08-21,210,0,2004,181
SGN,TPE,2025-08-22,210,0,2004,181
SGN,TPE,2025-08-23,210,0,2004,181
SGN,TPE,2025-08-24,210,0,2004,181
SGN,TPE,2025-08-25,210,0,2004,185
SGN,TPE,2025-08-26,210,0,2004,181
SGN,TPE,2025-08-27,210,0,2004,181
SGN,TPE,2025-08-28,210,0,2004,181
SGN,TPE,2025-08-29,210,0,2004,181
SGN,TPE,2025-08-30,210,0,2234,181
SGN,TPE,2025-08-31,210,0,2004,181
SYD,TPE,2025-06-01,1136,1,8602,472
SYD,TPE,2025-06-02,1136,1,8602,472
SYD,TPE,2025-06-03,1150,1,6061,566
SYD,TPE,2025-06-04,1240,1,9129,571
SYD,TPE,2025-06-05,945,1,10823,392
SYD,TPE,2025-06-06,1230,1,9129,571
SYD,TPE,2025-06-07,1485,1,8528,548
SYD,TPE,2025-06-08,1485,1,8527,486
SYD,TPE,2025-06-09,1485,1,8527,548
SYD,TPE,2025-06-10,1315,1,7178,529
SYD,TPE,2025-06-11,1135,1,5784,529
SYD,TPE,2025-06-12,1150,1,9340,566
SYD,TPE,2025-06-13,1135,1,5784,529
SYD,TPE,2025-06-14,1115,1,6384,529
SYD,TPE,2025-06-15,1485,1,8527,486
SYD,TPE,2025-06-16,1135,1,7701,529
SYD,TPE,2025-06-17,1135,1,7701,529
SYD,TPE,2025-06-18,1485,1,8527,486
SYD,TPE,2025-06-19,945,1,9342,392
SYD,TPE,2025-06-20,945,1,9923,388
SYD,TPE,2025-06-21,945,1,9923,392
SYD,TPE,2025-06-22,945,1,9342,392
SYD,TPE,2025-06-23,945,1,9923,388
SYD,TPE,2025-06-24,1315,1,9869,529
SYD,TPE,2025-06-25,945,1,9342,392
SYD,TPE,2025-06-26,945,1,8762,392
SYD,TPE,2025-06-27,945,1,8762,388
SYD,TPE,2025-06-28,945,1,9342,392
SYD,TPE,2025-06-29,945,1,9342,392
SYD,TPE,2025-06-30,945,1,9342,388
SYD,TPE,2025-07-01,1315,1,8821,518
SYD,TPE,2025-07-02,1020,1,9886,531
SYD,TPE,2025-07-03,1185,1,8821,518
SYD,TPE,2025-07-04,945,1,9923,388
SYD,TPE,2025-07-05,945,1,11369,392
SYD,TPE,2025-07-06,945,1,9539,392
SYD,TPE,2025-07-07,1485,1,8527,486
SYD,TPE,2025-07-08,1315,1,6847,518
SYD,TPE,2025-07-09,1135,1,7718,518
SYD,TPE,2025-07-10,1315,1,6847,518
SYD,TPE,2025-07-11,1150,1,5673,566
SYD,TPE,2025-07-12,1150,1,5673,566
SYD,TPE,2025-07-13,1485,1,8527,486
SYD,TPE,2025-07-14,1135,1,5801,518
SYD,TPE,2025-07-15,1135,1,5801,518
SYD,TPE,2025-07-16,1135,1,5801,518
SYD,TPE,2025-07-17,1150,1,5673,566
SYD,TPE,2025-07-18,1150,1,5673,566
SYD,TPE,2025-07-19,1150,1,5673,566
SYD,TPE,2025-07-20,1135,1,5801,518
SYD,TPE,2025-07-21,1135,1,5801,518
SYD,TPE,2025-07-22,1150,1,5673,566
SYD,TPE,2025-07-23,1135,1,5801,518
SYD,TPE,2025-07-24,1150,1,5673,566
SYD,TPE,2025-07-25,1150,1,5673,566
SYD,TPE,2025-07-26,1150,1,5673,566
SYD,TPE,2025-07-27,1135,1,5801,518
SYD,TPE,2025-07-28,1135,1,5801,518
SYD,TPE,2025-07-29,1150,1,5673,566
SYD,TPE,2025-07-30,1135,1,5801,518
SYD,TPE,2025-07-31,1150,1,5673,566
SYD,TPE,2025-08-01,1495,1,5802,532
SYD,TPE,2025-08-02,1150,1,5674,566
SYD,TPE,2025-08-03,1135,1,7196,519
SYD,TPE,2025-08-04,1135,1,5802,519
SYD,TPE,2025-08-05,1135,1,5802,519
SYD,TPE,2025-08-06,1135,1,5802,519
SYD,TPE,2025-08-07,1150,1,5673,566
SYD,TPE,2025-08-08,1135,1,5801,519
SYD,TPE,2025-08-09,1150,1,5673,566
SYD,TPE,2025-08-10,1135,1,5801,519
SYD,TPE,2025-08-11,1135,1,5801,519
SYD,TPE,2025-08-12,1150,1,5673,566
SYD,TPE,2025-08-13,1135,1,5801,519
SYD,TPE,2025-08-14,1150,1,5673,566
SYD,TPE,2025-08-15,1495,1,5801,532
SYD,TPE,2025-08-16,1150,1,5673,566
SYD,TPE,2025-08-17,1135,1,6401,519
SYD,TPE,2025-08-18,1020,1,5801,532
SYD,TPE,2025-08-19,1150,1,5673,566
SYD,TPE,2025-08-20,1135,1,5801,519
SYD,TPE,2025-08-21,1150,1,5673,566
SYD,TPE,2025-08-22,1135,1,5801,519
SYD,TPE,2025-08-23,1150,1,5673,566
SYD,TPE,2025-08-24,1135,1,7195,519
SYD,TPE,2025-08-25,1135,1,5801,519
SYD,TPE,2025-08-26,1150,1,5673,566
SYD,TPE,2025-08-27,1135,1,5801,519
SYD,TPE,2025-08-28,1150,1,5673,566
SYD,TPE,2025-08-29,1135,1,5801,519
SYD,TPE,2025-08-30,1020,1,5801,532
SYD,TPE,2025-08-31,1135,1,5801,520
TPE,BKK,2025-06-01,229,0,2907,218
TPE,CAI,2025-06-01,1292,1,15254,688
TPE,FRA,2025-06-01,1062,1,14736,886
TPE,HKG,2025-06-01,118,0,2402,88
TPE,ICN,2025-06-01,154,0,4401,122
TPE,KUL,2025-06-01,439,0,4072,233
TPE,LAX,2025-06-01,936,1,17346,658
TPE,NRT,2025-06-01,202,0,4156,164
TPE,SGN,2025-06-01,205,0,1962,186
TPE,SYD,2025-06-01,1133,1,7343,533
TPE,NRT,2025-06-02,205,0,5499,141
TPE,ICN,2025-06-02,160,0,3588,103
TPE,BKK,2025-06-02,225,0,3006,221
TPE,SYD,2025-06-02,1500,1,7919,526
TPE,SGN,2025-06-02,205,0,1897,183
TPE,KUL,2025-06-02,295,0,2975,230
TPE,CAI,2025-06-02,1292,1,15254,688
TPE,FRA,2025-06-02,1062,1,14736,886
TPE,HKG,2025-06-02,118,0,2402,88
TPE,LAX,2025-06-02,936,1,17346,658
TPE,NRT,2025-06-03,200,0,3035,181
TPE,ICN,2025-06-03,145,0,5195,139
TPE,BKK,2025-06-03,230,0,4496,221
TPE,SYD,2025-06-03,935,1,7919,526
TPE,SGN,2025-06-03,205,0,1897,187
TPE,KUL,2025-06-03,295,0,2275,230
TPE,FRA,2025-06-03,1025,1,15563,1020
TPE,LAX,2025-06-03,1125,1,14280,751
TPE,HKG,2025-06-03,105,0,2505,87
TPE,CAI,2025-06-03,1350,1,24901,690
TPE,NRT,2025-06-04,200,0,3335,181
TPE,ICN,2025-06-04,150,0,3399,132
TPE,BKK,2025-06-04,230,0,3286,221
TPE,SYD,2025-06-04,960,1,7411,606
TPE,SGN,2025-06-04,205,0,1897,187
TPE,KUL,2025-06-04,295,0,2975,230
TPE,FRA,2025-06-04,1025,1,15563,1020
TPE,LAX,2025-06-04,720,1,15906,555
TPE,HKG,2025-06-04,120,0,2345,89
TPE,CAI,2025-06-04,1350,1,14300,690
TPE,NRT,2025-06-05,200,0,3035,181
TPE,ICN,2025-06-05,160,0,4488,103
TPE,BKK,2025-06-05,230,0,3006,221
TPE,SYD,2025-06-05,985,1,8957,526
TPE,SGN,2025-06-05,205,0,1897,187
TPE,KUL,2025-06-05,285,0,3990,211
TPE,FRA,2025-06-05,1235,1,13540,763
TPE,LAX,2025-06-05,720,1,15906,555
TPE,HKG,2025-06-05,120,0,2345,87
TPE,CAI,2025-06-05,1350,1,14300,690
TPE,NRT,2025-06-06,200,0,4035,181
TPE,ICN,2025-06-06,160,0,5588,103
TPE,SYD,2025-06-06,1210,1,7591,547
TPE,SGN,2025-06-06,205,0,1897,187
TPE,KUL,2025-06-06,285,0,4590,211
TPE,FRA,2025-06-06,1025,1,15663,1020
TPE,LAX,2025-06-06,1100,1,14280,727
TPE,HKG,2025-06-06,120,0,2345,87
TPE,CAI,2025-06-06,1510,2,14182,712
TPE,BKK,2025-06-06,230,0,3006,221
TPE,NRT,2025-06-07,200,0,3635,181
TPE,ICN,2025-06-07,160,0,7960,125
TPE,SYD,2025-06-07,960,1,7411,606
TPE,SGN,2025-06-07,205,0,1897,187
TPE,KUL,2025-06-07,295,0,4075,230
TPE,FRA,2025-06-07,1235,1,13540,762
TPE,LAX,2025-06-07,1100,1,14280,738
TPE,HKG,2025-06-07,105,0,2345,87
TPE,BKK,2025-06-07,230,0,3006,221
TPE,CAI,2025-06-07,1350,1,14300,688
TPE,NRT,2025-06-08,200,0,4435,181
TPE,ICN,2025-06-08,150,0,6899,132
TPE,SYD,2025-06-08,1070,1,8957,539
TPE,SGN,2025-06-08,205,0,1897,187
TPE,KUL,2025-06-08,1065,1,2980,257
TPE,FRA,2025-06-08,1025,1,15563,1020
TPE,LAX,2025-06-08,1100,1,14280,726
TPE,HKG,2025-06-08,110,0,2345,87
TPE,CAI,2025-06-08,1160,1,15531,690
TPE,BKK,2025-06-08,230,0,3006,221
TPE,NRT,2025-06-09,200,0,5099,183
TPE,ICN,2025-06-09,150,0,4899,132
TPE,SYD,2025-06-09,1500,1,7119,526
TPE,SGN,2025-06-09,205,0,1897,187
TPE,KUL,2025-06-09,1030,1,2980,238
TPE,FRA,2025-06-09,1045,1,13540,763
TPE,LAX,2025-06-09,1100,1,14280,726
TPE,HKG,2025-06-09,120,0,2345,87
TPE,CAI,2025-06-09,1295,2,17820,807
TPE,BKK,2025-06-09,230,0,3006,221
TPE,NRT,2025-06-10,200,0,3635,181
TPE,ICN,2025-06-10,150,0,4899,132
TPE,SYD,2025-06-10,935,1,6619,526
TPE,SGN,2025-06-10,205,0,1897,187
TPE,KUL,2025-06-10,675,1,2980,255
TPE,FRA,2025-06-10,1235,1,13540,762
TPE,LAX,2025-06-10,720,1,15906,555
TPE,HKG,2025-06-10,105,0,2345,87
TPE,CAI,2025-06-10,1350,1,14300,688
TPE,BKK,2025-06-10,225,0,2716,206
TPE,NRT,2025-06-11,200,0,3688,185
TPE,ICN,2025-06-11,150,0,4499,132
TPE,SYD,2025-06-11,1275,1,8702,392
TPE,SGN,2025-06-11,205,0,1897,187
TPE,KUL,2025-06-11,540,1,2980,242
TPE,FRA,2025-06-11,1045,1,13540,763
TPE,LAX,2025-06-11,720,1,15906,555
TPE,HKG,2025-06-11,120,0,2345,89
TPE,CAI,2025-06-11,1350,1,14300,662
TPE,BKK,2025-06-11,225,0,2716,206
TPE,NRT,2025-06-12,205,0,4018,142
TPE,ICN,2025-06-12,160,0,5923,125
TPE,SYD,2025-06-12,985,1,7919,526
TPE,SGN,2025-06-12,205,0,1897,187
TPE,KUL,2025-06-12,285,0,5690,211
TPE,FRA,2025-06-12,1035,1,13540,762
TPE,LAX,2025-06-12,1100,1,14280,726
TPE,HKG,2025-06-12,120,0,2345,87
TPE,CAI,2025-06-12,1150,1,13800,688
TPE,BKK,2025-06-12,230,0,3006,221
TPE,NRT,2025-06-13,205,0,3688,185
TPE,ICN,2025-06-13,160,0,5588,103
TPE,SYD,2025-06-13,1390,1,7411,575
TPE,SGN,2025-06-13,205,0,1897,187
TPE,FRA,2025-06-13,1025,1,15663,1020
TPE,LAX,2025-06-13,1100,1,14280,726
TPE,KUL,2025-06-13,295,0,4075,230
TPE,HKG,2025-06-13,120,0,2505,87
TPE,CAI,2025-06-13,1350,1,14300,688
TPE,BKK,2025-06-13,230,0,2716,221
TPE,NRT,2025-06-14,200,0,3635,181
TPE,ICN,2025-06-14,150,0,4099,132
TPE,SYD,2025-06-14,935,1,6619,526
TPE,SGN,2025-06-14,205,0,1897,187
TPE,FRA,2025-06-14,1045,1,13540,763
TPE,LAX,2025-06-14,1100,1,14280,738
TPE,KUL,2025-06-14,295,0,4675,230
TPE,HKG,2025-06-14,120,0,2345,87
TPE,CAI,2025-06-14,1350,1,14300,688
TPE,BKK,2025-06-14,225,0,2716,206
TPE,NRT,2025-06-15,205,0,5099,183
TPE,ICN,2025-06-15,150,0,4499,132
TPE,SYD,2025-06-15,1070,1,6619,539
TPE,SGN,2025-06-15,205,0,1897,187
TPE,FRA,2025-06-15,1025,1,15563,1020
TPE,LAX,2025-06-15,1100,1,14280,727
TPE,KUL,2025-06-15,285,0,3990,211
TPE,CAI,2025-06-15,1160,1,13800,688
TPE,BKK,2025-06-15,230,0,3006,221
TPE,HKG,2025-06-15,120,0,2345,87
TPE,NRT,2025-06-16,200,0,4599,183
TPE,ICN,2025-06-16,150,0,3099,132
TPE,SYD,2025-06-16,985,1,6619,526
TPE,SGN,2025-06-16,205,0,1897,187
TPE,FRA,2025-06-16,1045,1,13540,763
TPE,LAX,2025-06-16,1100,1,14280,726
TPE,KUL,2025-06-16,295,0,4075,230
TPE,CAI,2025-06-16,1160,1,13800,688
TPE,BKK,2025-06-16,230,0,2716,221
TPE,HKG,2025-06-16,120,0,2345,89
TPE,NRT,2025-06-17,205,0,4018,142
TPE,ICN,2025-06-17,165,0,2888,103
TPE,SYD,2025-06-17,935,1,6619,526
TPE,SGN,2025-06-17,205,0,1897,187
TPE,FRA,2025-06-17,1235,1,13540,762
TPE,LAX,2025-06-17,720,1,15906,555
TPE,KUL,2025-06-17,295,0,2975,230
TPE,CAI,2025-06-17,2650,2,14686,742
TPE,BKK,2025-06-17,230,0,2716,221
TPE,HKG,2025-06-17,120,0,2345,89
TPE,NRT,2025-06-18,205,0,4018,142
TPE,ICN,2025-06-18,160,0,2888,103
TPE,SYD,2025-06-18,1500,1,6619,526
TPE,SGN,2025-06-18,205,0,1897,187
TPE,FRA,2025-06-18,1025,1,15563,1020
TPE,LAX,2025-06-18,1100,1,14280,726
TPE,KUL,2025-06-18,540,1,2980,242
TPE,CAI,2025-06-18,1160,1,13800,688
TPE,BKK,2025-06-18,230,0,2716,221
TPE,HKG,2025-06-18,120,0,2345,89
TPE,NRT,2025-06-19,200,0,3635,181
TPE,ICN,2025-06-19,160,0,4488,103
TPE,SYD,2025-06-19,985,1,6619,526
TPE,SGN,2025-06-19,205,0,1897,187
TPE,FRA,2025-06-19,1025,1,15563,1020
TPE,LAX,2025-06-19,1100,1,14280,726
TPE,KUL,2025-06-19,590,1,3780,238
TPE,HKG,2025-06-19,120,0,2345,87
TPE,CAI,2025-06-19,1350,1,14300,688
TPE,BKK,2025-06-19,230,0,2716,221
TPE,NRT,2025-06-20,205,0,4018,185
TPE,ICN,2025-06-20,160,0,4988,103
TPE,SYD,2025-06-20,1390,1,7411,575
TPE,SGN,2025-06-20,205,0,2134,183
TPE,FRA,2025-06-20,1025,1,15663,1020
TPE,LAX,2025-06-20,720,1,21629,555
TPE,KUL,2025-06-20,490,1,5427,263
TPE,HKG,2025-06-20,120,0,2345,87
TPE,CAI,2025-06-20,1160,1,15531,662
TPE,BKK,2025-06-20,225,0,2716,206
TPE,NRT,2025-06-21,200,0,5138,142
TPE,ICN,2025-06-21,150,0,4099,132
TPE,SYD,2025-06-21,935,1,7919,526
TPE,SGN,2025-06-21,205,0,1897,183
TPE,FRA,2025-06-21,1025,1,15663,1020
TPE,LAX,2025-06-21,1125,1,18497,803
TPE,KUL,2025-06-21,295,0,5875,230
TPE,HKG,2025-06-21,120,0,2345,87
TPE,CAI,2025-06-21,1160,1,13800,662
TPE,BKK,2025-06-21,225,0,2716,206
TPE,NRT,2025-06-22,200,0,6135,181
TPE,ICN,2025-06-22,150,0,4099,132
TPE,SYD,2025-06-22,1405,1,7411,575
TPE,SGN,2025-06-22,205,0,2134,187
TPE,FRA,2025-06-22,1045,1,15920,736
TPE,LAX,2025-06-22,720,1,21629,555
TPE,KUL,2025-06-22,285,0,5690,211
TPE,HKG,2025-06-22,120,0,2505,87
TPE,CAI,2025-06-22,1160,1,13800,662
TPE,BKK,2025-06-22,230,0,2716,221
TPE,NRT,2025-06-23,205,0,5499,141
TPE,ICN,2025-06-23,150,0,3399,132
TPE,SYD,2025-06-23,985,1,6619,526
TPE,SGN,2025-06-23,205,0,2134,187
TPE,FRA,2025-06-23,1025,1,15563,1020
TPE,LAX,2025-06-23,720,1,21629,555
TPE,KUL,2025-06-23,285,0,4590,211
TPE,HKG,2025-06-23,120,0,2935,89
TPE,CAI,2025-06-23,1160,1,13800,662
TPE,BKK,2025-06-23,230,0,3006,221
TPE,NRT,2025-06-24,205,0,3599,141
TPE,ICN,2025-06-24,150,0,3099,132
TPE,SYD,2025-06-24,935,1,6619,526
TPE,SGN,2025-06-24,205,0,2134,183
TPE,FRA,2025-06-24,1025,1,15563,1020
TPE,LAX,2025-06-24,720,1,21629,555
TPE,KUL,2025-06-24,295,0,4075,230
TPE,HKG,2025-06-24,120,0,2345,89
TPE,CAI,2025-06-24,995,1,30173,767
TPE,BKK,2025-06-24,230,0,2716,221
TPE,NRT,2025-06-25,205,0,4018,142
TPE,ICN,2025-06-25,150,0,3499,132
TPE,SYD,2025-06-25,1500,1,6619,526
TPE,SGN,2025-06-25,205,0,1897,187
TPE,FRA,2025-06-25,1025,1,15563,1020
TPE,LAX,2025-06-25,720,1,21629,555
TPE,KUL,2025-06-25,540,1,3892,242
TPE,CAI,2025-06-25,1160,1,13800,662
TPE,BKK,2025-06-25,230,0,2716,221
TPE,HKG,2025-06-25,120,0,2345,89
TPE,NRT,2025-06-26,205,0,3199,141
TPE,ICN,2025-06-26,150,0,3799,132
TPE,SYD,2025-06-26,985,1,6619,526
TPE,SGN,2025-06-26,205,0,1897,183
TPE,FRA,2025-06-26,1025,1,15563,1020
TPE,LAX,2025-06-26,720,1,21629,555
TPE,KUL,2025-06-26,590,1,3780,238
TPE,HKG,2025-06-26,120,0,2345,87
TPE,CAI,2025-06-26,1150,1,13800,662
TPE,BKK,2025-06-26,230,0,2716,221
TPE,NRT,2025-06-27,205,0,3599,141
TPE,ICN,2025-06-27,160,0,4488,103
TPE,SYD,2025-06-27,1390,1,7411,575
TPE,SGN,2025-06-27,205,0,2134,187
TPE,FRA,2025-06-27,1045,1,13540,736
TPE,LAX,2025-06-27,720,1,21629,555
TPE,KUL,2025-06-27,295,0,5875,230
TPE,HKG,2025-06-27,120,0,2705,87
TPE,CAI,2025-06-27,1160,1,13800,662
TPE,BKK,2025-06-27,230,0,3006,221
TPE,NRT,2025-06-28,205,0,4799,141
TPE,ICN,2025-06-28,150,0,4199,132
TPE,SYD,2025-06-28,960,1,7411,606
TPE,SGN,2025-06-28,205,0,2134,187
TPE,FRA,2025-06-28,1045,1,13540,736
TPE,LAX,2025-06-28,1100,1,21630,738
TPE,KUL,2025-06-28,450,1,5132,244
TPE,HKG,2025-06-28,120,0,2345,87
TPE,CAI,2025-06-28,1350,1,14300,688
TPE,BKK,2025-06-28,225,0,2716,206
TPE,NRT,2025-06-29,200,0,4018,142
TPE,ICN,2025-06-29,150,0,3588,103
TPE,SYD,2025-06-29,1275,1,7333,392
TPE,SGN,2025-06-29,205,0,2134,187
TPE,FRA,2025-06-29,1045,1,13540,736
TPE,LAX,2025-06-29,1125,1,21630,739
TPE,KUL,2025-06-29,675,1,4330,251
TPE,HKG,2025-06-29,110,0,2345,87
TPE,CAI,2025-06-29,1160,1,13800,662
TPE,BKK,2025-06-29,225,0,2716,221
TPE,NRT,2025-06-30,205,0,4358,142
TPE,ICN,2025-06-30,150,0,3499,132
TPE,SYD,2025-06-30,985,1,7919,526
TPE,SGN,2025-06-30,205,0,2134,187
TPE,FRA,2025-06-30,1045,1,15920,725
TPE,LAX,2025-06-30,990,1,21630,713
TPE,KUL,2025-06-30,590,1,4368,238
TPE,HKG,2025-06-30,120,0,2505,89
TPE,CAI,2025-06-30,1160,1,13800,652
TPE,BKK,2025-06-30,230,0,3006,221
TPE,NRT,2025-07-01,205,0,3688,185
TPE,ICN,2025-07-01,165,0,3188,101
TPE,SYD,2025-07-01,1275,1,7033,392
TPE,SGN,2025-07-01,205,0,3622,183
TPE,FRA,2025-07-01,1235,1,15920,737
TPE,LAX,2025-07-01,990,1,21630,710
TPE,KUL,2025-07-01,675,1,3892,246
TPE,CAI,2025-07-01,1350,1,14600,664
TPE,BKK,2025-07-01,225,0,3006,206
TPE,HKG,2025-07-01,120,0,3455,89
TPE,NRT,2025-07-02,205,0,4018,142
TPE,ICN,2025-07-02,160,0,3188,101
TPE,SYD,2025-07-02,1275,1,6733,392
TPE,SGN,2025-07-02,205,0,2134,183
TPE,FRA,2025-07-02,1025,1,15663,971
TPE,LAX,2025-07-02,1100,1,21630,701
TPE,KUL,2025-07-02,590,1,3330,233
TPE,HKG,2025-07-02,120,0,2935,89
TPE,CAI,2025-07-02,1160,1,14100,651
TPE,BKK,2025-07-02,230,0,3606,221
TPE,NRT,2025-07-03,205,0,3599,138
TPE,ICN,2025-07-03,160,0,3588,101
TPE,SYD,2025-07-03,1275,1,6233,392
TPE,SGN,2025-07-03,205,0,2134,183
TPE,FRA,2025-07-03,1035,1,15920,723
TPE,LAX,2025-07-03,1125,1,21630,724
TPE,KUL,2025-07-03,1065,1,3780,252
TPE,HKG,2025-07-03,120,0,2345,87
TPE,CAI,2025-07-03,1150,1,14100,651
TPE,BKK,2025-07-03,225,0,3006,206
TPE,NRT,2025-07-04,205,0,3599,138
TPE,ICN,2025-07-04,150,0,6300,119
TPE,SYD,2025-07-04,1390,1,7411,575
TPE,SGN,2025-07-04,205,0,2134,183
TPE,FRA,2025-07-04,1025,1,15663,971
TPE,LAX,2025-07-04,1100,1,21630,698
TPE,KUL,2025-07-04,590,1,3780,237
TPE,HKG,2025-07-04,120,0,2345,87
TPE,CAI,2025-07-04,1160,1,14100,651
TPE,BKK,2025-07-04,225,0,3286,206
TPE,NRT,2025-07-05,205,0,4018,185
TPE,ICN,2025-07-05,150,0,3799,128
TPE,SYD,2025-07-05,1275,1,8502,392
TPE,SGN,2025-07-05,205,0,1897,183
TPE,FRA,2025-07-05,1045,1,15920,723
TPE,LAX,2025-07-05,990,1,21630,710
TPE,KUL,2025-07-05,450,1,2980,252
TPE,HKG,2025-07-05,120,0,2505,89
TPE,CAI,2025-07-05,1160,1,14100,651
TPE,BKK,2025-07-05,225,0,2716,206
TPE,NRT,2025-07-06,200,0,3388,142
TPE,ICN,2025-07-06,150,0,3188,101
TPE,SYD,2025-07-06,1070,1,6636,529
TPE,SGN,2025-07-06,220,0,2134,187
TPE,FRA,2025-07-06,1025,1,15663,971
TPE,LAX,2025-07-06,1100,1,21630,701
TPE,KUL,2025-07-06,540,1,2980,227
TPE,HKG,2025-07-06,120,0,2345,87
TPE,CAI,2025-07-06,1350,1,15500,664
TPE,BKK,2025-07-06,225,0,2716,221
TPE,NRT,2025-07-07,200,0,4018,142
TPE,ICN,2025-07-07,160,0,2688,101
TPE,SYD,2025-07-07,1390,1,7411,575
TPE,SGN,2025-07-07,205,0,1897,187
TPE,FRA,2025-07-07,1280,1,13558,676
TPE,LAX,2025-07-07,990,1,21630,714
TPE,KUL,2025-07-07,590,1,3330,237
TPE,HKG,2025-07-07,120,0,2345,89
TPE,CAI,2025-07-07,1160,1,14100,651
TPE,BKK,2025-07-07,230,0,3606,221
TPE,NRT,2025-07-08,200,0,3088,142
TPE,ICN,2025-07-08,165,0,2588,101
TPE,SYD,2025-07-08,935,1,6636,516
TPE,SGN,2025-07-08,205,0,1897,187
TPE,FRA,2025-07-08,1025,1,15663,971
TPE,LAX,2025-07-08,755,1,21629,532
TPE,KUL,2025-07-08,540,1,2980,227
TPE,HKG,2025-07-08,120,0,2345,89
TPE,CAI,2025-07-08,1350,1,14600,664
TPE,BKK,2025-07-08,225,0,2716,206
TPE,NRT,2025-07-09,200,0,3335,181
TPE,ICN,2025-07-09,160,0,2888,101
TPE,SYD,2025-07-09,935,1,6636,516
TPE,SGN,2025-07-09,205,0,2134,187
TPE,FRA,2025-07-09,1025,1,15663,971
TPE,LAX,2025-07-09,755,1,21629,532
TPE,KUL,2025-07-09,540,1,3066,233
TPE,HKG,2025-07-09,120,0,2345,87
TPE,CAI,2025-07-09,1160,1,14100,651
TPE,BKK,2025-07-09,225,0,2716,206
TPE,NRT,2025-07-10,205,0,3199,138
TPE,ICN,2025-07-10,160,0,2888,101
TPE,SYD,2025-07-10,985,1,7936,516
TPE,SGN,2025-07-10,205,0,1897,183
TPE,FRA,2025-07-10,1025,1,15663,971
TPE,LAX,2025-07-10,755,1,21629,532
TPE,KUL,2025-07-10,590,1,2980,227
TPE,HKG,2025-07-10,110,0,1486,87
TPE,CAI,2025-07-10,1150,1,14100,651
TPE,BKK,2025-07-10,225,0,2716,206
TPE,NRT,2025-07-11,205,0,3199,138
TPE,ICN,2025-07-11,160,0,2888,101
TPE,SYD,2025-07-11,1275,1,9239,392
TPE,SGN,2025-07-11,205,0,1897,183
TPE,FRA,2025-07-11,1025,1,15663,971
TPE,LAX,2025-07-11,1100,1,21630,698
TPE,KUL,2025-07-11,295,0,2975,230
TPE,HKG,2025-07-11,120,0,2345,89
TPE,CAI,2025-07-11,1160,1,14100,651
TPE,BKK,2025-07-11,225,0,3006,206
TPE,NRT,2025-07-12,205,0,3599,138
TPE,ICN,2025-07-12,150,0,2899,128
TPE,SYD,2025-07-12,1275,1,10237,392
TPE,SGN,2025-07-12,205,0,1897,183
TPE,FRA,2025-07-12,1025,1,15663,971
TPE,LAX,2025-07-12,990,1,21630,710
TPE,KUL,2025-07-12,295,0,2975,230
TPE,HKG,2025-07-12,120,0,2505,89
TPE,CAI,2025-07-12,1160,1,14100,651
TPE,BKK,2025-07-12,225,0,2716,221
TPE,NRT,2025-07-13,200,0,3388,142
TPE,ICN,2025-07-13,150,0,2688,101
TPE,SYD,2025-07-13,1275,1,9039,392
TPE,SGN,2025-07-13,220,0,1897,187
TPE,FRA,2025-07-13,1025,1,15663,971
TPE,LAX,2025-07-13,990,1,21630,710
TPE,KUL,2025-07-13,295,0,2975,230
TPE,HKG,2025-07-13,120,0,2345,87
TPE,CAI,2025-07-13,1160,1,15531,651
TPE,BKK,2025-07-13,225,0,3286,206
TPE,NRT,2025-07-14,205,0,3088,185
TPE,ICN,2025-07-14,160,0,2588,101
TPE,SYD,2025-07-14,985,1,8936,516
TPE,SGN,2025-07-14,205,0,1897,187
TPE,FRA,2025-07-14,1025,1,15663,971
TPE,LAX,2025-07-14,990,1,21630,714
TPE,KUL,2025-07-14,285,0,3990,211
TPE,HKG,2025-07-14,120,0,2345,89
TPE,CAI,2025-07-14,1160,1,14100,651
TPE,BKK,2025-07-14,225,0,3606,206
TPE,NRT,2025-07-15,205,0,2788,142
TPE,ICN,2025-07-15,165,0,2588,101
TPE,SYD,2025-07-15,1275,1,11580,392
TPE,SGN,2025-07-15,205,0,1897,187
TPE,FRA,2025-07-15,1025,1,15663,971
TPE,LAX,2025-07-15,990,1,21630,710
TPE,KUL,2025-07-15,295,0,2975,230
TPE,HKG,2025-07-15,120,0,2345,89
TPE,CAI,2025-07-15,1350,1,14600,664
TPE,BKK,2025-07-15,230,0,3006,221
TPE,NRT,2025-07-16,205,0,3088,142
TPE,ICN,2025-07-16,160,0,2588,101
TPE,SYD,2025-07-16,1275,1,9239,392
TPE,SGN,2025-07-16,205,0,1897,187
TPE,FRA,2025-07-16,1025,1,15663,971
TPE,LAX,2025-07-16,1125,1,21630,724
TPE,KUL,2025-07-16,295,0,2275,230
TPE,HKG,2025-07-16,120,0,2345,89
TPE,CAI,2025-07-16,1350,1,14600,664
TPE,BKK,2025-07-16,230,0,3006,221
TPE,NRT,2025-07-17,205,0,2899,138
TPE,ICN,2025-07-17,160,0,2588,101
TPE,SYD,2025-07-17,1275,1,11280,392
TPE,SGN,2025-07-17,220,0,1897,187
TPE,FRA,2025-07-17,1025,1,15663,971
TPE,LAX,2025-07-17,1125,1,21630,724
TPE,KUL,2025-07-17,440,1,3066,238
TPE,HKG,2025-07-17,120,0,2345,89
TPE,CAI,2025-07-17,1150,1,14100,651
TPE,BKK,2025-07-17,230,0,3286,221
TPE,NRT,2025-07-18,205,0,2899,138
TPE,ICN,2025-07-18,160,0,2688,101
TPE,SYD,2025-07-18,1275,1,16652,392
TPE,SGN,2025-07-18,205,0,1897,187
TPE,FRA,2025-07-18,1025,1,15663,971
TPE,LAX,2025-07-18,1100,1,21630,698
TPE,KUL,2025-07-18,295,0,2975,230
TPE,CAI,2025-07-18,1160,1,14100,651
TPE,BKK,2025-07-18,230,0,3286,221
TPE,HKG,2025-07-18,120,0,2345,87
TPE,NRT,2025-07-19,205,0,3199,138
TPE,ICN,2025-07-19,150,0,2799,128
TPE,LAX,2025-07-19,990,1,21623,710
TPE,SYD,2025-07-19,1275,1,15109,392
TPE,SGN,2025-07-19,205,0,1897,187
TPE,FRA,2025-07-19,1025,1,15663,971
TPE,KUL,2025-07-19,295,0,2975,230
TPE,CAI,2025-07-19,1350,1,14600,664
TPE,BKK,2025-07-19,230,0,3286,221
TPE,HKG,2025-07-19,120,0,2345,87
TPE,NRT,2025-07-20,205,0,3199,138
TPE,ICN,2025-07-20,150,0,2588,101
TPE,LAX,2025-07-20,1125,1,21623,714
TPE,SYD,2025-07-20,1275,1,11580,392
TPE,SGN,2025-07-20,220,0,1897,187
TPE,FRA,2025-07-20,1025,1,15663,971
TPE,KUL,2025-07-20,295,0,2275,230
TPE,CAI,2025-07-20,1160,1,14100,651
TPE,BKK,2025-07-20,230,0,3006,221
TPE,HKG,2025-07-20,120,0,2345,87
TPE,NRT,2025-07-21,200,0,4018,142
TPE,ICN,2025-07-21,150,0,2499,128
TPE,LAX,2025-07-21,990,1,21623,714
TPE,SYD,2025-07-21,1275,1,9539,392
TPE,SGN,2025-07-21,205,0,1897,187
TPE,FRA,2025-07-21,1025,1,15663,971
TPE,KUL,2025-07-21,295,0,1975,230
TPE,CAI,2025-07-21,1160,1,15500,651
TPE,BKK,2025-07-21,230,0,3006,221
TPE,HKG,2025-07-21,120,0,2345,89
TPE,NRT,2025-07-22,205,0,3599,138
TPE,ICN,2025-07-22,165,0,2588,101
TPE,LAX,2025-07-22,750,1,25330,558
TPE,SYD,2025-07-22,1025,1,10474,516
TPE,SGN,2025-07-22,205,0,1897,187
TPE,FRA,2025-07-22,1025,1,15663,971
TPE,KUL,2025-07-22,295,0,1975,230
TPE,HKG,2025-07-22,120,0,2345,89
TPE,CAI,2025-07-22,1350,1,14600,664
TPE,BKK,2025-07-22,230,0,3006,221
TPE,NRT,2025-07-23,205,0,3599,138
TPE,ICN,2025-07-23,160,0,2588,101
TPE,LAX,2025-07-23,1125,1,21623,725
TPE,SYD,2025-07-23,1275,1,9239,392
TPE,SGN,2025-07-23,205,0,1897,187
TPE,FRA,2025-07-23,1025,1,15663,971
TPE,KUL,2025-07-23,540,1,3066,233
TPE,HKG,2025-07-23,120,0,2345,89
TPE,CAI,2025-07-23,1350,1,14600,664
TPE,BKK,2025-07-23,230,0,3006,221
TPE,NRT,2025-07-24,205,0,3199,138
TPE,ICN,2025-07-24,160,0,2588,101
TPE,LAX,2025-07-24,1100,1,21623,712
TPE,SYD,2025-07-24,985,1,8974,516
TPE,SGN,2025-07-24,220,0,1897,187
TPE,FRA,2025-07-24,1025,1,15663,971
TPE,KUL,2025-07-24,285,0,2990,211
TPE,HKG,2025-07-24,120,0,2345,87
TPE,CAI,2025-07-24,1150,1,14100,651
TPE,BKK,2025-07-24,225,0,3006,206
TPE,NRT,2025-07-25,205,0,3199,138
TPE,ICN,2025-07-25,160,0,2588,101
TPE,LAX,2025-07-25,1100,1,21623,698
TPE,SYD,2025-07-25,1025,1,10474,516
TPE,SGN,2025-07-25,205,0,1897,187
TPE,FRA,2025-07-25,1025,1,15663,971
TPE,KUL,2025-07-25,295,0,2975,230
TPE,HKG,2025-07-25,120,0,2345,87
TPE,CAI,2025-07-25,1160,1,14100,651
TPE,BKK,2025-07-25,230,0,3006,221
TPE,NRT,2025-07-26,205,0,3199,138
TPE,ICN,2025-07-26,150,0,3099,128
TPE,LAX,2025-07-26,1125,1,21623,722
TPE,SYD,2025-07-26,1275,1,9239,392
TPE,SGN,2025-07-26,205,0,1897,187
TPE,FRA,2025-07-26,1045,1,16867,713
TPE,KUL,2025-07-26,295,0,2975,230
TPE,HKG,2025-07-26,120,0,2505,89
TPE,CAI,2025-07-26,1350,1,14600,664
TPE,BKK,2025-07-26,230,0,3006,221
TPE,NRT,2025-07-27,200,0,3388,142
TPE,ICN,2025-07-27,150,0,2588,101
TPE,LAX,2025-07-27,1125,1,21623,724
TPE,SYD,2025-07-27,1005,1,8974,516
TPE,SGN,2025-07-27,220,0,1897,187
TPE,FRA,2025-07-27,1025,1,15663,971
TPE,KUL,2025-07-27,295,0,2975,230
TPE,HKG,2025-07-27,120,0,2345,87
TPE,CAI,2025-07-27,1160,1,14100,651
TPE,BKK,2025-07-27,225,0,3286,206
TPE,NRT,2025-07-28,200,0,3088,142
TPE,ICN,2025-07-28,150,0,2499,128
TPE,LAX,2025-07-28,1100,1,21623,698
TPE,SYD,2025-07-28,1275,1,6733,392
TPE,SGN,2025-07-28,205,0,1897,187
TPE,FRA,2025-07-28,1025,1,15663,971
TPE,KUL,2025-07-28,285,0,2270,211
TPE,HKG,2025-07-28,120,0,2345,87
TPE,CAI,2025-07-28,1160,1,15500,651
TPE,BKK,2025-07-28,225,0,4016,206
TPE,NRT,2025-07-29,205,0,2899,138
TPE,ICN,2025-07-29,165,0,2588,101
TPE,LAX,2025-07-29,990,1,21623,710
TPE,SYD,2025-07-29,1275,1,6433,392
TPE,SGN,2025-07-29,205,0,1897,187
TPE,FRA,2025-07-29,1025,1,15663,971
TPE,KUL,2025-07-29,295,0,1975,230
TPE,HKG,2025-07-29,120,0,2345,89
TPE,CAI,2025-07-29,1350,1,14600,664
TPE,BKK,2025-07-29,230,0,4016,221
TPE,NRT,2025-07-30,200,0,2788,142
TPE,ICN,2025-07-30,160,0,2588,101
TPE,LAX,2025-07-30,1100,1,21623,701
TPE,SYD,2025-07-30,1275,1,6433,392
TPE,SGN,2025-07-30,205,0,1897,187
TPE,FRA,2025-07-30,1025,1,15663,971
TPE,KUL,2025-07-30,295,0,2275,230
TPE,HKG,2025-07-30,120,0,2345,89
TPE,CAI,2025-07-30,1350,1,14600,664
TPE,BKK,2025-07-30,225,0,3006,206
TPE,NRT,2025-07-31,205,0,2899,138
TPE,ICN,2025-07-31,160,0,2588,101
TPE,LAX,2025-07-31,990,1,21623,720
TPE,SYD,2025-07-31,1275,1,8702,392
TPE,SGN,2025-07-31,220,0,1897,187
TPE,FRA,2025-07-31,1025,1,15663,971
TPE,KUL,2025-07-31,285,0,2990,211
TPE,HKG,2025-07-31,120,0,2345,89
TPE,CAI,2025-07-31,1150,1,15500,654
TPE,BKK,2025-07-31,225,0,3006,206
TPE,NRT,2025-08-01,200,0,3335,181
TPE,ICN,2025-08-01,160,0,2888,101
TPE,BKK,2025-08-01,230,0,3286,221
TPE,SYD,2025-08-01,1390,1,7411,575
TPE,SGN,2025-08-01,205,0,1897,187
TPE,KUL,2025-08-01,295,0,2975,230
TPE,FRA,2025-08-01,1025,1,15663,963
TPE,LAX,2025-08-01,1100,1,21630,706
TPE,HKG,2025-08-01,120,0,2345,87
TPE,CAI,2025-08-01,1160,1,14100,654
TPE,NRT,2025-08-02,205,0,3599,138
TPE,ICN,2025-08-02,160,0,3188,101
TPE,BKK,2025-08-02,230,0,3286,221
TPE,SYD,2025-08-02,1065,1,6230,568
TPE,SGN,2025-08-02,205,0,1897,187
TPE,KUL,2025-08-02,295,0,2975,230
TPE,FRA,2025-08-02,1045,1,20040,727
TPE,LAX,2025-08-02,1100,1,21630,709
TPE,HKG,2025-08-02,120,0,2345,87
TPE,CAI,2025-08-02,1350,1,14600,668
TPE,NRT,2025-08-03,200,0,3088,142
TPE,ICN,2025-08-03,150,0,3188,101
TPE,BKK,2025-08-03,225,0,3286,206
TPE,SYD,2025-08-03,1070,1,6636,529
TPE,SGN,2025-08-03,220,0,1897,187
TPE,KUL,2025-08-03,295,0,2975,230
TPE,FRA,2025-08-03,1045,1,15663,914
TPE,LAX,2025-08-03,1100,1,21630,709
TPE,HKG,2025-08-03,120,0,2345,87
TPE,CAI,2025-08-03,1160,1,14100,654
TPE,NRT,2025-08-04,200,0,2788,142
TPE,ICN,2025-08-04,160,0,2888,101
TPE,BKK,2025-08-04,225,0,2716,206
TPE,SYD,2025-08-04,1025,1,6636,516
TPE,SGN,2025-08-04,205,0,1897,187
TPE,KUL,2025-08-04,295,0,2275,230
TPE,FRA,2025-08-04,1025,1,17469,963
TPE,LAX,2025-08-04,1100,1,21630,718
TPE,HKG,2025-08-04,120,0,2345,89
TPE,CAI,2025-08-04,1160,1,15500,654
TPE,NRT,2025-08-05,200,0,2788,142
TPE,ICN,2025-08-05,165,0,2688,101
TPE,BKK,2025-08-05,230,0,2716,221
TPE,SYD,2025-08-05,1065,1,6230,568
TPE,SGN,2025-08-05,205,0,1897,187
TPE,KUL,2025-08-05,295,0,2275,230
TPE,FRA,2025-08-05,1025,1,18985,963
TPE,LAX,2025-08-05,990,1,21630,719
TPE,HKG,2025-08-05,120,0,2345,89
TPE,CAI,2025-08-05,1350,1,14600,668
TPE,NRT,2025-08-06,200,0,3088,185
TPE,ICN,2025-08-06,160,0,2688,101
TPE,BKK,2025-08-06,230,0,3286,221
TPE,SYD,2025-08-06,935,1,6636,538
TPE,SGN,2025-08-06,205,0,1897,187
TPE,KUL,2025-08-06,295,0,2275,230
TPE,FRA,2025-08-06,1025,1,15663,963
TPE,LAX,2025-08-06,990,1,21630,719
TPE,HKG,2025-08-06,120,0,2345,89
TPE,CAI,2025-08-06,1160,1,14100,654
TPE,NRT,2025-08-07,205,0,2899,138
TPE,ICN,2025-08-07,160,0,2688,101
TPE,BKK,2025-08-07,225,0,3286,206
TPE,SYD,2025-08-07,1275,1,7765,392
TPE,SGN,2025-08-07,220,0,1897,187
TPE,KUL,2025-08-07,285,0,3990,211
TPE,FRA,2025-08-07,1045,1,17469,914
TPE,LAX,2025-08-07,1100,1,21630,720
TPE,CAI,2025-08-07,1150,1,14100,654
TPE,HKG,2025-08-07,120,0,2345,89
TPE,NRT,2025-08-08,200,0,3088,142
TPE,ICN,2025-08-08,160,0,2888,101
TPE,BKK,2025-08-08,225,0,3286,206
TPE,SYD,2025-08-08,1390,1,7411,575
TPE,SGN,2025-08-08,205,0,1897,187
TPE,KUL,2025-08-08,295,0,2975,230
TPE,FRA,2025-08-08,1025,1,15663,963
TPE,LAX,2025-08-08,1125,1,21630,733
TPE,CAI,2025-08-08,1160,1,14100,654
TPE,HKG,2025-08-08,120,0,2345,89
TPE,NRT,2025-08-09,205,0,2899,138
TPE,ICN,2025-08-09,160,0,2688,101
TPE,BKK,2025-08-09,225,0,3286,206
TPE,SYD,2025-08-09,935,1,7136,516
TPE,SGN,2025-08-09,205,0,1897,187
TPE,KUL,2025-08-09,295,0,2975,230
TPE,FRA,2025-08-09,1045,1,20609,914
TPE,LAX,2025-08-09,1100,1,21630,709
TPE,CAI,2025-08-09,1160,1,15500,654
TPE,HKG,2025-08-09,120,0,2345,87
TPE,NRT,2025-08-10,200,0,3088,142
TPE,ICN,2025-08-10,150,0,2688,101
TPE,SYD,2025-08-10,1005,1,6636,516
TPE,SGN,2025-08-10,220,0,1897,187
TPE,KUL,2025-08-10,295,0,4075,230
TPE,FRA,2025-08-10,1025,1,15663,963
TPE,LAX,2025-08-10,1100,1,21630,709
TPE,CAI,2025-08-10,1160,1,14100,654
TPE,BKK,2025-08-10,225,0,3286,206
TPE,HKG,2025-08-10,120,0,2345,87
TPE,NRT,2025-08-11,200,0,3088,142
TPE,ICN,2025-08-11,160,0,2688,101
TPE,SYD,2025-08-11,1275,1,6233,392
TPE,SGN,2025-08-11,205,0,1897,187
TPE,KUL,2025-08-11,295,0,2275,230
TPE,FRA,2025-08-11,1045,1,17469,914
TPE,LAX,2025-08-11,1100,1,21630,709
TPE,CAI,2025-08-11,1160,1,15500,654
TPE,BKK,2025-08-11,225,0,3286,206
TPE,HKG,2025-08-11,120,0,2345,89
TPE,NRT,2025-08-12,200,0,3088,142
TPE,ICN,2025-08-12,165,0,2588,101
TPE,SYD,2025-08-12,1065,1,6230,568
TPE,SGN,2025-08-12,205,0,1897,187
TPE,FRA,2025-08-12,1025,1,15663,963
TPE,LAX,2025-08-12,1100,1,21630,718
TPE,KUL,2025-08-12,295,0,2275,230
TPE,HKG,2025-08-12,120,0,2345,89
TPE,CAI,2025-08-12,1350,1,14600,668
TPE,BKK,2025-08-12,225,0,4803,248
TPE,NRT,2025-08-13,200,0,2788,142
TPE,ICN,2025-08-13,160,0,2688,101
TPE,SYD,2025-08-13,1275,1,6033,392
TPE,SGN,2025-08-13,205,0,1897,187
TPE,FRA,2025-08-13,1025,1,15663,963
TPE,LAX,2025-08-13,1100,1,21630,709
TPE,KUL,2025-08-13,285,0,2270,211
TPE,HKG,2025-08-13,120,0,2345,89
TPE,CAI,2025-08-13,1160,1,14100,654
TPE,BKK,2025-08-13,225,0,4496,206
TPE,NRT,2025-08-14,200,0,3688,142
TPE,ICN,2025-08-14,160,0,2888,101
TPE,SYD,2025-08-14,1065,1,6230,568
TPE,SGN,2025-08-14,220,0,1897,187
TPE,FRA,2025-08-14,1035,1,20040,727
TPE,LAX,2025-08-14,1100,1,21630,720
TPE,KUL,2025-08-14,285,0,2270,211
TPE,HKG,2025-08-14,120,0,2345,87
TPE,CAI,2025-08-14,1150,1,14100,654
TPE,BKK,2025-08-14,230,0,4016,221
TPE,NRT,2025-08-15,205,0,5138,185
TPE,ICN,2025-08-15,150,0,3099,130
TPE,SYD,2025-08-15,1025,1,6636,516
TPE,SGN,2025-08-15,205,0,1897,187
TPE,FRA,2025-08-15,1025,1,15663,963
TPE,LAX,2025-08-15,755,1,23097,557
TPE,KUL,2025-08-15,295,0,2275,230
TPE,CAI,2025-08-15,1160,1,14100,654
TPE,BKK,2025-08-15,225,0,3286,206
TPE,HKG,2025-08-15,120,0,2345,89
TPE,NRT,2025-08-16,200,0,6099,180
TPE,ICN,2025-08-16,150,0,3099,130
TPE,SYD,2025-08-16,935,1,6636,516
TPE,SGN,2025-08-16,205,0,1897,187
TPE,FRA,2025-08-16,1025,1,15663,963
TPE,LAX,2025-08-16,1100,1,21630,709
TPE,KUL,2025-08-16,295,0,2975,230
TPE,HKG,2025-08-16,120,0,2345,87
TPE,CAI,2025-08-16,1350,1,14600,668
TPE,BKK,2025-08-16,230,0,3286,221
TPE,NRT,2025-08-17,200,0,4718,142
TPE,ICN,2025-08-17,150,0,4488,101
TPE,SYD,2025-08-17,1005,1,6636,516
TPE,SGN,2025-08-17,220,0,1897,187
TPE,FRA,2025-08-17,1045,1,21367,730
TPE,LAX,2025-08-17,755,1,21629,557
TPE,KUL,2025-08-17,295,0,2975,230
TPE,HKG,2025-08-17,120,0,2345,87
TPE,CAI,2025-08-17,1160,1,14100,654
TPE,BKK,2025-08-17,225,0,3286,206
TPE,NRT,2025-08-18,200,0,3388,142
TPE,ICN,2025-08-18,160,0,2888,101
TPE,SYD,2025-08-18,985,1,6636,516
TPE,SGN,2025-08-18,205,0,1897,187
TPE,FRA,2025-08-18,1025,1,20609,963
TPE,LAX,2025-08-18,1100,1,21630,718
TPE,KUL,2025-08-18,295,0,2975,230
TPE,HKG,2025-08-18,120,0,2345,89
TPE,CAI,2025-08-18,1160,1,14100,654
TPE,BKK,2025-08-18,225,0,3286,206
TPE,NRT,2025-08-19,200,0,3388,142
TPE,ICN,2025-08-19,165,0,2688,101
TPE,SYD,2025-08-19,1065,1,6230,568
TPE,SGN,2025-08-19,205,0,1897,187
TPE,FRA,2025-08-19,1025,1,15663,963
TPE,LAX,2025-08-19,755,1,21629,557
TPE,KUL,2025-08-19,295,0,2275,230
TPE,HKG,2025-08-19,120,0,2345,89
TPE,CAI,2025-08-19,1350,1,14600,668
TPE,BKK,2025-08-19,230,0,3286,221
TPE,NRT,2025-08-20,205,0,3688,185
TPE,ICN,2025-08-20,160,0,2688,101
TPE,SYD,2025-08-20,935,1,6636,538
TPE,SGN,2025-08-20,205,0,1897,187
TPE,LAX,2025-08-20,755,1,21629,557
TPE,KUL,2025-08-20,295,0,1975,230
TPE,HKG,2025-08-20,120,0,2345,89
TPE,CAI,2025-08-20,1160,1,14100,654
TPE,BKK,2025-08-20,225,0,3286,206
TPE,FRA,2025-08-20,1025,1,15663,963
TPE,NRT,2025-08-21,205,0,3599,138
TPE,ICN,2025-08-21,160,0,2688,101
TPE,SYD,2025-08-21,1065,1,6230,568
TPE,SGN,2025-08-21,220,0,1897,187
TPE,FRA,2025-08-21,1045,1,20609,914
TPE,LAX,2025-08-21,755,1,21629,557
TPE,KUL,2025-08-21,285,0,2990,211
TPE,HKG,2025-08-21,120,0,2345,89
TPE,CAI,2025-08-21,1150,1,14100,654
TPE,BKK,2025-08-21,225,0,3286,206
TPE,NRT,2025-08-22,205,0,3388,185
TPE,ICN,2025-08-22,160,0,2888,101
TPE,SYD,2025-08-22,1025,1,6636,516
TPE,SGN,2025-08-22,205,0,1897,187
TPE,LAX,2025-08-22,755,1,21629,557
TPE,KUL,2025-08-22,295,0,2275,230
TPE,HKG,2025-08-22,120,0,2345,87
TPE,CAI,2025-08-22,1160,1,14100,654
TPE,BKK,2025-08-22,225,0,3286,206
TPE,FRA,2025-08-22,1025,1,15663,963
TPE,NRT,2025-08-23,200,0,4035,181
TPE,ICN,2025-08-23,160,0,2688,101
TPE,SYD,2025-08-23,1065,1,6230,568
TPE,SGN,2025-08-23,205,0,1897,187
TPE,FRA,2025-08-23,1025,1,15663,963
TPE,LAX,2025-08-23,755,1,23097,557
TPE,KUL,2025-08-23,295,0,2275,230
TPE,HKG,2025-08-23,120,0,2345,87
TPE,CAI,2025-08-23,1160,1,14100,654
TPE,BKK,2025-08-23,230,0,3286,221
TPE,NRT,2025-08-24,205,0,4018,185
TPE,ICN,2025-08-24,150,0,2688,101
TPE,SYD,2025-08-24,1005,1,6636,516
TPE,SGN,2025-08-24,220,0,1897,187
TPE,FRA,2025-08-24,1045,1,18985,914
TPE,LAX,2025-08-24,755,1,21629,557
TPE,KUL,2025-08-24,295,0,2975,230
TPE,HKG,2025-08-24,120,0,2345,87
TPE,CAI,2025-08-24,1160,1,14100,654
TPE,BKK,2025-08-24,225,0,3286,206
TPE,NRT,2025-08-25,200,0,3388,142
TPE,ICN,2025-08-25,160,0,2588,101
TPE,SYD,2025-08-25,985,1,6636,516
TPE,SGN,2025-08-25,205,0,1897,187
TPE,LAX,2025-08-25,1100,1,17340,718
TPE,KUL,2025-08-25,295,0,2275,230
TPE,HKG,2025-08-25,120,0,2505,89
TPE,CAI,2025-08-25,1160,1,14100,654
TPE,BKK,2025-08-25,225,0,3286,206
TPE,FRA,2025-08-25,1025,1,15663,963
TPE,NRT,2025-08-26,200,0,3088,142
TPE,ICN,2025-08-26,165,0,2588,101
TPE,SYD,2025-08-26,1065,1,6230,568
TPE,SGN,2025-08-26,205,0,1897,187
TPE,FRA,2025-08-26,1025,1,20609,963
TPE,LAX,2025-08-26,755,1,15906,557
TPE,KUL,2025-08-26,295,0,1975,230
TPE,HKG,2025-08-26,120,0,2345,89
TPE,CAI,2025-08-26,1350,1,14600,668
TPE,BKK,2025-08-26,230,0,3286,221
TPE,NRT,2025-08-27,200,0,3335,181
TPE,ICN,2025-08-27,160,0,2588,101
TPE,SYD,2025-08-27,1275,1,6233,392
TPE,SGN,2025-08-27,205,0,1897,187
TPE,FRA,2025-08-27,1025,1,15663,963
TPE,LAX,2025-08-27,755,1,15906,557
TPE,KUL,2025-08-27,285,0,2270,211
TPE,CAI,2025-08-27,1160,1,14100,654
TPE,BKK,2025-08-27,225,0,3286,206
TPE,HKG,2025-08-27,120,0,2345,89
TPE,NRT,2025-08-28,205,0,2899,138
TPE,ICN,2025-08-28,160,0,2688,101
TPE,SYD,2025-08-28,1275,1,6033,392
TPE,SGN,2025-08-28,220,0,1897,187
TPE,FRA,2025-08-28,1025,1,15663,963
TPE,LAX,2025-08-28,755,1,15906,557
TPE,KUL,2025-08-28,285,0,2990,211
TPE,CAI,2025-08-28,1150,1,14100,654
TPE,BKK,2025-08-28,225,0,3286,206
TPE,HKG,2025-08-28,120,0,2345,87
TPE,NRT,2025-08-29,205,0,2899,138
TPE,ICN,2025-08-29,160,0,2588,101
TPE,SYD,2025-08-29,1275,1,6233,392
TPE,SGN,2025-08-29,205,0,1897,187
TPE,FRA,2025-08-29,1025,1,15663,963
TPE,LAX,2025-08-29,755,1,17252,557
TPE,KUL,2025-08-29,295,0,1975,230
TPE,CAI,2025-08-29,1160,1,14100,654
TPE,BKK,2025-08-29,225,0,3286,206
TPE,HKG,2025-08-29,120,0,2345,87
TPE,NRT,2025-08-30,205,0,3388,185
TPE,ICN,2025-08-30,160,0,2588,101
TPE,SYD,2025-08-30,1275,1,6233,392
TPE,SGN,2025-08-30,205,0,1897,187
TPE,FRA,2025-08-30,1025,1,15663,963
TPE,LAX,2025-08-30,1100,1,17340,709
TPE,KUL,2025-08-30,295,0,2275,230
TPE,HKG,2025-08-30,120,0,2345,89
TPE,CAI,2025-08-30,1160,1,14100,654
TPE,BKK,2025-08-30,225,0,2716,206
TPE,NRT,2025-08-31,205,0,3599,138
TPE,ICN,2025-08-31,150,0,2688,101
TPE,SYD,2025-08-31,1275,1,6433,392
TPE,SGN,2025-08-31,220,0,1897,187
TPE,FRA,2025-08-31,1025,1,15663,963
TPE,LAX,2025-08-31,755,1,15906,557
TPE,KUL,2025-08-31,285,0,2270,211
TPE,HKG,2025-08-31,120,0,2345,87
TPE,CAI,2025-08-31,1160,1,14100,654
TPE,BKK,2025-08-31,225,0,3286,206
